"Viruses 2020, 12, 244
17 of 17"
"Imai, Y.; Kuba, K.; Rao, S.; Huan, Y.; Guo, F.; Guan, B.; Yang, P.; Sarao, R.; Wada, T.; Leong-Poi, H.; et al.
104."
"Angiotensin-converting enzyme 2 protects from severe acute lung failure. Nature 2005, 436, 112–116."
"[CrossRef] [PubMed]"
"105.
Li, W.; Moore, M.J.; Vasilieva, N.; Sui,
J.; Wong, S.K.; Berne, M.A.; Somasundaran, M.; Sullivan,
J.L.;"
"Luzuriaga, K.; Greenough, T.C.; et al. Angiotensin-converting enzyme 2 is a functional receptor for the SARS"
"coronavirus. Nature 2003, 426, 450–454.
[CrossRef]"
"106. Wan, Y.; Shang, J.; Graham, R.; Baric, R.S.; Li, F. Receptor recognition by novel coronavirus from Wuhan:"
"An analysis based on decade-long structural studies of SARS. J. Virol. 2020.
[CrossRef]"
"107.
Bassetti, M.; Vena, A.; Roberto Giacobbe, D. The Novel Chinese Coronavirus (2019-nCoV)
Infections:"
"J. Clin.
Challenges for ﬁghting the storm. Eur.
Investig. 2020.
[CrossRef]"
"108.
Su, S.; Wong, G.; Shi, W.; Liu,
J.; Lai, A.C.; Zhou,
J.; Liu, W.; Bi, Y.; Gao, G.F. Epidemiology, genetic"
"recombination, and pathogenesis of coronaviruses. Trends. Microbiol. 2016, 24, 490–502.
[CrossRef]"
"109. Chu, D.K.W.; Poon, L.; Gomaa, M.; Shehata, M.; Perera, R.A.; Abu Zeid, D.; El Rifay, A.S.; Siu, L.Y.; Guan, Y.;"
"Infect. Dis.
Webby, R.J.; et al. MERS coronaviruses in dromedary camels, Egypt. Emerg.
2014, 20, 1049."
"[CrossRef]"
