", Abualgasim Elgaili Abdalla 2, Wan Zhu 3,
Jiabao Xu 1,†
, Shizhe Zhao 1,†
, Tieshan Teng 1"
"Longxiang Xie 1,*
, Yunlong Wang 4,* and Xiangqian Guo 1,*"
"1"
"Department of Preventive Medicine, Institute of Biomedical Informatics, Bioinformatics Center,"
"Henan Provincial Engineering Center for Tumor Molecular Medicine, School of Basic Medical Sciences,"
"Henan University, Kaifeng 475004, China; xujiabao0907@126.com (J.X.); zhaoshizhe1126@126.com (S.Z.);"
"xiaoshan1220@163.com (T.T.)"
"2"
"Department of Clinical Laboratory Sciences, College of Applied Medical Sciences, Jouf University,"
"Sakaka 2014, Saudi Arabia; gasimmicro@gmail.com"
"3"
"Department of Anesthesia, Stanford University, Stanford, CA 94305, USA; ms.wanzhu@gmail.com"
"4"
"Henan Bioengineering Research Center, Zhengzhou 450046, China"
"*
Correspondence: xielongxiang123@126.com (L.X.); biowyl@126.com (Y.W.); xqguo@henu.edu.cn (X.G.);"
"Tel.: +86-0371-22892960 (L.X.); +86-0371-67999699 (Y.W.); +86-0371-22892960 (X.G.)"
"†"
"These authors contributed equally to this work."
"(cid:1)(cid:2)(cid:3)(cid:1)(cid:4)(cid:5)(cid:6)(cid:7)(cid:8)(cid:1)"
