"Viruses 2020, 12, 244
12 of 17"
"Acknowledgments:
All
the
genomic
data
of
SARS-CoV-2
is
from GISAID, NCBI/GenBank, NMDC,"
"CNGB/CNGBdb and 2019nCoVR (Table S1). Here, we would like to express our gratitude to all units and"
"individuals who are responsible for the sample collection and data submission."
"Conﬂicts of Interest: The authors declare no conﬂict of interest."
"References"
"Infect. Dis.
1.
Wang, L.F.; Shi, Z.; Zhang, S.; Field, H.; Daszak, P.; Eaton, B.T. Review of bats and SARS. Emerg."
"2006, 12, 1834.
[CrossRef]"
"2.
Ge, X.-Y.; Li, J.; Yang, X.-L.; Chmura, A.; Zhu, G.; Epstein, J.H.; Mazet, J.K.; Hu, B.; Zhang, W.; Peng, C.; et al."
"Isolation and characterization of a bat SARS-like coronavirus that uses the ACE2 receptor. Nature 2013, 503,"
"535–538.
[CrossRef] [PubMed]"
"3.
Chen, Y.; Guo, D. Molecular mechanisms of coronavirus RNA capping and methylation. Virol. Sin. 2016, 31,"
"3–11.
[CrossRef] [PubMed]"
"4.
Cui, J.; Li, F.; Shi, Z.L. Origin and evolution of pathogenic coronaviruses. Nat. Rev. Microbiol.
2019, 17,"
"181–192.
[CrossRef] [PubMed]"
"Cauchemez, S.; Van Kerkhove, M.D.; Riley, S.; Donnelly, C.A.; Fraser, C.; Ferguson, N.M. Transmission
5."
"scenarios for Middle East Respiratory Syndrome Coronavirus (MERS-CoV) and how to tell them apart."
"Euro Surveill. 2013, 18, 18."
"6.
Gorbalenya, A.E.; Baker, S.C.; Baric, R.S.; de Groot, R.J.; Drosten, C.; Gulyaeva, A.A.; Haagmans, B.L.;"
"Lauber, C.; Leontovich, A.M.; Neuman, B.W.; et al. Severe acute respiratory syndrome-related coronavirus:"
"The species and its viruses—A statement of the Coronavirus Study Group. bioRxiv 2020.
[CrossRef]"
"7.
WHO Named the New Pneumonia “COVID-19”. Available online: http://www.xinhuanet.com/world/2020-"
"02/12/c_1125561389.htm (accessed on 12 February 2020)."
"8.
Guan, Y.; Zheng, B.J.; He, Y.Q.; Liu, X.L.; Zhuang, Z.X.; Cheung, C.L.; Luo, S.W.; Li, P.H.; Zhang, L.J.;"
"Butt, K.M.; et al.
Isolation and characterization of viruses related to the SARS coronavirus from animals in"
"southern China. Science 2003, 302, 276–278.
[CrossRef]"
"9.
Ki, M. 2015 MERS outbreak in Korea: Hospital-to-hospital transmission. Epidemiol. Health 2015, 37, 37."
"[CrossRef]"
"10.
Azhar, E.I.; El-Kafrawy, S.A.; Farraj, S.A.; Hassan, A.M.; Al-Saeed, M.S.; Hashem, A.M.; Madani, T.A."
"Evidence for camel-to-human transmission of MERS coronavirus. N. Engl.
J. Med. 2014, 370, 2499–2505."
"[CrossRef]"
"11.
Chan, J.F.W.; Kok, K.H.; Zhu, Z.; Chu, H.; To, K.K.W.; Yuan, S.; Yuen, K.Y. Genomic characterization of the"
"2019 novel human-pathogenic coronavirus isolated from a patient with atypical pneumonia after visiting"
"Wuhan. Emerg. Microbes.
Infect. 2020, 9, 221–236.
[CrossRef]"
"12.
Zhao, W.M.; Song, S.H.; Chen, M.L.; Zou, D.; Ma, L.N.; Ma, Y.K.; Li, R.J.; Hao, L.L.; Li, C.P.; Tian, D.M.; et al."
"The 2019 Novel Coronavirus Resource. Hereditas 2020, 36, 1–9."
"13.
NCBI Database. 2019-nCoV. Available online: https://www.ncbi.nlm.nih.gov/pubmed/?term=2019-nCoV"
"(accessed on 14 February 2020)."
"14.
GSAID Database.
2020 Coronavirus. Available online: https://www.gisaid.org/CoV2020/
(accessed on"
"14 February 2020)."
"15.
NCBI Blast. Available online: https://blast.ncbi.nlm.nih.gov/Blast.cgi (accessed on 30 January 2020)."
"16.
Zpicture. Available online: https://zpicture.dcode.org (accessed on 1 February 2020)."
"17.
Kumar, S.; Stecher, G.; Tamura, K. MEGA7: Molecular evolutionary genetics analysis version 7.0 for bigger"
"datasets. Mol. Biol. Evol. 2016, 33, 1870–1874.
[CrossRef] [PubMed]"
"Tamura, K.; Nei, M.; Kumar, S. Prospects for inferring very large phylogenies by using the neighbor-joining
18."
"method. Proc. Natl. Acad. Sci. USA 2004, 101, 11030–11035.
[CrossRef] [PubMed]"
"19.
Cheng, V.C.; Lau, S.K.; Woo, P.C.; Yuen, K.Y. Severe acute respiratory syndrome coronavirus as an agent of"
"emerging and reemerging infection. Clin. Microbiol. Rev. 2007, 20, 660–694.
[CrossRef] [PubMed]"
"20.
World Health Organization. Weekly Epidemiological Record, 2013, vol. 88, 35 [full issue]. Wkly. Epidemiol. Rec."
"2013, 88, 365–380."
