"Viruses 2020, 12, 244
15 of 17"
"De Wit, E.; van Doremalen, N.; Falzarano, D.; Munster, V.J. SARS and MERS: Recent insights into emerging
66."
"coronaviruses. Nat. Rev. Microbiol. 2016, 14, 523.
[CrossRef] [PubMed]"
"67.
Chinese Center for Disease Control and Prevention. The First New Coronavirus Species Information Was"
"Published by the National Pathogen Microorganism Resource Bank. Available online: http://www.chinacdc."
"cn/yw_9324/202001/t20200124_211413.html (accessed on 1 February 2020)."
"68.
Zeng, Q.; Khan, K.; Wu, J.; Zhu, H. The utility of preemptive mass inﬂuenza vaccination in controlling a"
"SARS outbreak during ﬂu season. Math. Biosci. Eng. 2007, 4, 739.
[PubMed]"
"69.
Wang, N.; Luo, C.; Liu, H.; Yang, X.-L.; Hu, B.; Zhang, W.; Li, B.; Zhu, Y.; Zhu, G.; Shen, X.; et al."
"Characterization of a New Member of Alphacoronavirus with Unique Genomic Features in Rhinolophus"
"Bats. Viruses 2019, 11, 379.
[CrossRef] [PubMed]"
"70.
Bhadra, S.; Jiang, Y.S.; Kumar, M.R.; Johnson, R.F.; Hensley, L.E.; Ellington, A.D. Real-time sequence-validated"
"loop-mediated isothermal ampliﬁcation assays for detection of Middle East respiratory syndrome coronavirus"
"(MERS-CoV). PLoS ONE 2015, 10, e0123126.
[CrossRef] [PubMed]"
"71.
Chan, J.F.-W.; Choi, G.K.-Y.; Tsang, A.K.-L.; Tee, K.-M.; Lam, H.-Y.; Yip, C.C.-Y.; To, K.K.-W.; Cheng, V.C.-C.;"
"Yeung, M.L.; Lau, S.K.; et al. Development and evaluation of novel real-time reverse transcription-PCR"
"assays with locked nucleic acid probes targeting leader sequences of human-pathogenic coronaviruses."
"J. Clin. Microbiol. 2015, 53, 2722–2726.
[CrossRef]"
"72.
Wu, P.; Hao, X.; Lau, E.H.Y.; Wong, J.Y.; Leung, K.S.M.; Wu, J.T.; Cowling, B.J.; Leung, G.M. Real-time"
"tentative assessment of the epidemiological characteristics of novel coronavirus infections in Wuhan, China,"
"as at 22 January 2020. Euro. Surveill. 2020, 25, 2000044.
[CrossRef]"
"73.
National Medical Products Administration. National Medical Products Administration Examined and"
"Approved the New Nucleic Acid Test Reagent of Coronavirus Again. Available online: http://www.nmpa."
"gov.cn/WS04/CL2056/374398.html (accessed on 28 January 2020)."
"74.
Chen, Y.; Liu, Q.; Guo, D. Emerging coronaviruses: Genome structure,
replication, and pathogenesis."
"J. Med. Virol. 2020, 92, 418–423.
[CrossRef]"
"75.
Cinatl, J.; Morgenstern, B.; Bauer, G.; Chandra, P.; Rabenau, H.; Doerr, H.W. Treatment of SARS with human"
"interferons. Lancet 2003, 362, 293–294.
[CrossRef]"
"76.
Chu, C.M.; Cheng, V.C.C.; Hung, I.F.N.; Wong, M.M.L.; Chan, K.; Kao, R.Y.; Poon, L.; Wong, C.L.P.; Guan, Y.;"
"Peiris, J.S.M.; et al. Role of lopinavir/ritonavir in the treatment of SARS: Initial virological and clinical"
"ﬁndings. Thorax 2004, 59, 252–256.
[CrossRef]"
"77.
Lu, H. Drug treatment options for the 2019-new coronavirus (2019-nCoV). Biosci. Trends 2020.
[CrossRef]"
"78.
Beijing Municipal Health Commission. Explanation on the Situation that Drugs for AIDS Can Be Tried to"
"Treat Pneumonia Caused by 2019-nCoV Infection. Available online: http://wjw.beijing.gov.cn/wjwh/ztzl/"
"xxgzbd/202001/t20200126_1621354.html (accessed on 26 January 2020)."
"79.
The
Joint Research Team of
Shanghai
Institute of Materia Medica, Chinese Academy of
Sciences,"
"and ShanghaiTech University Discovered a Batch of Old Drugs and Traditional Chinese Medicines"
"with Therapeutic Potential for COVID-19. Available online: http://www.shanghaitech.edu.cn/2020/0125/"
"c1001a50141/page.htm (accessed on 25 January 2020)."
"80.
High-Resolution Crystal Structure of 2019-nCoV Coronavirus 3CL Hydrolase (Mpro) was Announced by the"
"Joint Research Team of Shanghai Institute of Materia Medica, Chinese Academy of Sciences, and ShanghaiTech"
"University. Available online: http://www.shanghaitech.edu.cn/2020/0126/c1001a50145/page.htm (accessed"
"on 26 January 2020)."
"81.
Xu, Z.; Peng, C.; Shi, Y.; Zhu, Z.; Mu, K.; Wang, X.; Zhu, W. Nelﬁnavir was predicted to be a potential"
"inhibitor of 2019 nCov main protease by an integrative approach combining homology modelling, molecular"
"docking and binding free energy calculation. bioRxiv 2020.
[CrossRef]"
"82.
Sheahan, T.P.; Sims, A.C.; Leist, S.R.; Schäfer, A.; Won, J.; Brown, A.J.; Montgomery, S.A.; Hogg, A.; Babusis, D.;"
"Clarke, M.O.; et al. Comparative therapeutic eﬃcacy of remdesivir and combination lopinavir, ritonavir,"
"and interferon beta against MERS-CoV. Nat. Commun. 2020, 11, 222.
[CrossRef] [PubMed]"
"83.
Mulangu, S.; Dodd, L.E.; Davey, R.T.; Mbaya, O.T.; Proschan, M.; Mukadi, D.; Manzo, M.L.; Nzolo, D.;"
"Oloma, A.T.; Ibanda, A.; et al. A randomized, controlled trial of Ebola virus disease therapeutics. N. Engl."
"J. Med. 2019, 381, 2293–2303.
[CrossRef] [PubMed]"
