"*","Correspondence: xielongxiang123@126.com (L.X.); biowyl@126.com (Y.W.); xqguo@henu.edu.cn (X.G.);"
"","Tel.: +86-0371-22892960 (L.X.); +86-0371-67999699 (Y.W.); +86-0371-22892960 (X.G.)"
"†",""
"","These authors contributed equally to this work."
"","(cid:1)(cid:2)(cid:3)(cid:1)(cid:4)(cid:5)(cid:6)(cid:7)(cid:8)(cid:1)"
"","(cid:1)(cid:2)(cid:3)(cid:4)(cid:5)(cid:6)(cid:7)"
"Received: 4 February 2020; Accepted: 20 February 2020; Published: 22 February 2020",""
"","Abstract: After the outbreak of the severe acute respiratory syndrome (SARS) in the world in 2003,"
"","human coronaviruses (HCoVs) have been reported as pathogens that cause severe symptoms in"
"","respiratory tract infections. Recently, a new emerged HCoV isolated from the respiratory epithelium"
"","of unexplained pneumonia patients in the Wuhan seafood market caused a major disease outbreak"
"","and has been named the severe acute respiratory syndrome coronavirus 2 (SARS-CoV-2). This virus"
"","causes acute lung symptoms, leading to a condition that has been named as “coronavirus disease"
"","2019” (COVID-19). The emergence of SARS-CoV-2 and of SARS-CoV caused widespread fear and"
"","concern and has threatened global health security. There are some similarities and diﬀerences in"
"","the epidemiology and clinical features between these two viruses and diseases that are caused by"
"","these viruses. The goal of this work is to systematically review and compare between SARS-CoV and"
"","SARS-CoV-2 in the context of their virus incubation, originations, diagnosis and treatment methods,"
"genomic and proteomic sequences, and pathogenic mechanisms.",""
"","Keywords: coronaviruses; SARS-CoV-2; SARS-CoV; genomic comparison; proteomic comparison;"
"pathogenic mechanism; clinical manifestations",""
