"Viruses 2020, 12, 244
3 of 17"
"Viruses 2020, 12, x FOR PEER REVIEW 
3 of 18"
"3.1. COVID-19 and SARS—the Initial Events"
"Major regional 
Beijing, Guangdong, Shanxi in"
"On Nov. 27th, 2002, a respiratory illness erupted in Guangdong Province, China [19].
In Feb, 2003,"
"Hubei, especially Wuhan in China"
"distribution 
China"
"the Chinese Ministry of Health announced that this acute respiratory syndrome had thus far resulted"
"RT-PCR, rRT-PCR, RT-LAMP, 
RT-PCR, rRT-PCR, RT-LAMP,"
"in 305 cases and ﬁve deaths [20]. The following month, there were clusters of atypical pneumonia"
"Diagnostic methods 
rRT-LAMP, Coronavirus detection 
rRT-LAMP, Coronavirus detection"
"reported in other parts of mainland China, Hong Kong [21], Canada [22], and Singapore [23].
In Jul,"
"kit 
kit"
"2003, SARS-CoV spread across 26 countries in six continents, and caused a cumulative 8,096 cases and"
"Treatment 
Glucocorticoid and interferon 
Lopinavir/ritonavir (in testing)"
"774 deaths (9.6%) [24].
In particular, a higher mortality (21%) was found in hospital personnel [25,26]."
"On Dec.
29th, 2019,
the health departments of Hubei Province received a report
that
four"
"3.1. COVID-19 and SARS—the Initial Events"
"employees of the South China Seafood Wholesale Market were diagnosed with unknown-caused"
"On Nov. 27th, 2002, a respiratory illness erupted in Guangdong Province, China  [19]. In Feb,"
"pneumonia in a local hospital, which was the ﬁrst report of SARS-CoV-2 [27]. On Dec. 31st, 2019,"
"2003, the Chinese Ministry of Health announced that this acute respiratory syndrome had thus far"
"the National Health Commission of People Republic of China and Chinese Center for Disease Control"
"resulted  in  305  cases  and  five  deaths  [20].  The  following  month,  there  were  clusters  of  atypical"
"and Prevention (China CDC) participated in the investigation and case-searching work [27]. On the"
"pneumonia reported in other parts of mainland China, Hong Kong [21], Canada [22], and Singapore"
"same day, the government of Wuhan released information about the disease outbreaks to society [28]."
"[23]. In Jul, 2003, SARS-CoV spread across 26 countries in six continents, and caused a cumulative"
"Nowadays, the number of patients infected with SARS-CoV-2 continues to climb worldwide. By the"
"8,096 cases and 774 deaths (9.6%) [24]. In particular, a higher mortality (21%) was found in hospital"
"date of this paper’s submission, a cumulative 67,081 cases and 1,526 deaths (2.1%) were reported"
"personnel [25,26]."
"worldwide.
In Wuhan, China,
the number is 37,914. The main timeline of SARS and COVID-19"
