"Viruses 2020, 12, 244
16 of 17"
"Holshue, M.L.; DeBolt, C.; Lindquist, S.; Lofy, K.H.; Wiesman,
J.; Bruce, H.; Spitters, C.; Ericson, K.;
84."
"J. Med.
Wilkerson, S.; Tural, A.; et al. First Case of 2019 Novel Coronavirus in the United States. N. Engl."
"2020.
[CrossRef]"
"85.
Song, G.; Cheng, M.Q.; Wei, X.W. Research progress on novel coronavirus (2019-nCoV) related drugs"
"in vitro/vivo. Bing Du Xue Bao 2020.
[CrossRef]"
"86.
China-Japan Friendship Hospital: Clinical Experimental Research Work Is Being Carried Out on Remdesivir."
"Available online: http://www.chinanews.com/sh/shipin/cns-d/2020/02-12/news847712.shtml (accessed on"
"12 February 2020)."
"87.
Lai, M.M. Recombination in large RNA viruses: Coronaviruses. Semin. Virol. 1996, 7, 381–388.
[CrossRef]"
"88.
Woo, P.C.Y.; Lau, S.K.; Lam, C.S.F.; Lau, C.C.Y.; Tsang, A.K.L.; Lau, J.H.N.; Bai, R.; Teng, J.L.L.; Tsang, C.C.C.;"
"Wang, M.; et al. Discovery of seven novel Mammalian and avian coronaviruses in the genus deltacoronavirus"
"supports bat
coronaviruses as
the gene source of alphacoronavirus and betacoronavirus and avian"
"coronaviruses as the gene source of gammacoronavirus and deltacoronavirus.
J. Virol. 2012, 86, 3995–4008."
"89.
Lu, R.; Zhao, X.; Li, J.; Niu, P.; Yang, B.; Wu, H.; Wang, W.; Song, H.; Huang, B.; Zhu, N.; et al. Genomic"
"characterisation and epidemiology of 2019 novel coronavirus:
Implications for virus origins and receptor"
"binding. Lancet 2020, 395, 565–574.
[CrossRef]"
"90.
Shi, C.S.; Nabar, N.R.; Huang, N.N.; Kehrl,
J.H. SARS-Coronavirus Open Reading Frame-8b triggers"
"intracellular stress pathways and activates NLRP3 inﬂammasomes. Cell Death Discov. 2019, 5, 101.
[CrossRef]"
"91.
Menachery, V.D.; Graham, R.L.; Baric, R.S. Jumping species—A mechanism for coronavirus persistence and"
"survival. Curr. Opin. Virol. 2017, 23, 1–7.
[CrossRef]"
"92.
Wang, N.; Li, S.-Y.; Yang, X.-L.; Huang, H.-M.; Zhang, Y.-J.; Guo, H.; Luo, C.-M.; Miller, M.; Zhu, G.;"
"Chmura, A.; et al. Serological evidence of bat SARS-related coronavirus infection in humans, China. Virol. Sin."
"2018, 33, 104–107.
[CrossRef] [PubMed]"
"93.
Xia, S.; Yan, L.; Xu, W.; Agrawal, A.S.; Algaissi, A.; Tseng, C.-T.K.; Wang, Q.; Du, L.; Tan, W.; Wilson, I.A.; et al."
"A pan-coronavirus fusion inhibitor targeting the HR1 domain of human coronavirus spike. Sci. Adv. 2019, 5,"
"eaav4580.
[CrossRef] [PubMed]"
"94.
Nicholls, J.; DONG, X.P.; Jiang, G.; Peiris, M. SARS: Clinical virology and pathogenesis. Respirology 2003, 8,"
"S6–S8.
[CrossRef] [PubMed]"
"95.
He, L.; Ding, Y.; Zhang, Q.; Che, X.; He, Y.; Shen, H.; Wang, H.; Li, Z.; Zhao, L.; Geng, J.; et al. Expression of"
"elevated levels of pro-inﬂammatory cytokines in SARS-CoV-infected ACE2+ cells in SARS patients: Relation"
"to the acute lung injury and pathogenesis of SARS. J. Pathol. 2006, 210, 288–297.
[CrossRef] [PubMed]"
"96.
Hamming, I.; Timens, W.; Bulthuis, M.L.C.; Lely, A.T.; Navis, G.J.; van Goor, H. Tissue distribution of ACE2"
"protein, the functional receptor for SARS coronavirus. A ﬁrst step in understanding SARS pathogenesis."
"J. Pathol. 2004, 203, 631–637.
[CrossRef] [PubMed]"
"97.
Perlman, S.; Netland, J. Coronaviruses post-SARS: Update on replication and pathogenesis. Nat. Rev. Microbiol."
"2009, 7, 439–450.
[CrossRef]"
"98.
Ding, Y.; Wang, H.; Shen, H.; Li, Z.; Geng, J.; Han, H.; Cai, J.; Li, X.; Kang, W.; Weng, D.; et al. The clinical"
"pathology of severe acute respiratory syndrome (SARS): A report from China.
J. Pathol. 2003, 200, 282–289."
"[CrossRef]"
"99.
Ding, Y.; He, L.; Zhang, Q.; Huang, Z.; Che, X.-Y.; Hou, J.-L.; Wang, H.; Shen, H.; Qiu, L.; Li, Z.; et al. Organ"
"distribution of severe acute respiratory syndrome (SARS) associated coronavirus (SARS-CoV) in SARS"
"J. Pathol.
patients:
Implications for pathogenesis and virus transmission pathways.
2004, 203, 622–630."
"[CrossRef]"
"100. HUI, D.S.C.; WONG, P.C.; Wang, C. SARS: Clinical features and diagnosis. Respirology 2003, 8, S20–S24."
"[CrossRef]"
"101. Millet, J.K.; Whittaker, G.R. Host cell proteases: Critical determinants of coronavirus tropism and pathogenesis."
