"Viruses 2020, 12, 244
14 of 17"
"Chen, N.; Zhou, M.; Dong, X.; Qu, J.; Gong, F.; Han, Y.; Qiu, Y.; Wang, J.; Liu, Y.; Wei, Y.; et al. Epidemiological
44."
"and clinical characteristics of 99 cases of 2019 novel coronavirus pneumonia in Wuhan, China: A descriptive"
"study. Lancet 2020, 395, 507–513.
[CrossRef]"
"45.
Press Conference of the National Health Commission of the People’s Republic of China on 3 February 2020."
"Available online: http://www.nhc.gov.cn/wjw/xwfbh/xwzb.shtml (accessed on 4 February 2020)."
"46.
Yuan, J.; Hon, C.-C.; Li, Y.; Wang, D.; Xu, G.; Zhang, H.; Zhou, P.; Poon, L.; Lam, T.Y.; Leung, F.C.-C.; et al."
"Intraspecies diversity of SARS-like coronaviruses in Rhinolophus sinicus and its implications for the origin of"
"SARS coronaviruses in humans.
J. Gen. Virol. 2010, 91, 1058–1062.
[CrossRef] [PubMed]"
"47.
Phan, T. Novel coronavirus: From discovery to clinical diagnostics.
Infect. Genet. Evol. 2020, 79, 104211."
"[CrossRef]"
"48.
Wang, M.; Yan, M.; Xu, H.; Liang, W.; Kan, B.; Zheng, B.; Chen, H.; Zheng, H.; Xu, Y.; Zhang, E.; et al."
"SARS-CoV infection in a restaurant from palm civet. Emerg.
Infect. Dis. 2005, 11, 1860.
[CrossRef]"
"49.
Zhou, P.; Yang, X.-L.; Wang, X.-G.; Hu, B.; Zhang, L.; Zhang, W.; Si, H.-R.; Zhu, Y.; Li, B.; Huang, C.-L.; et al."
"Discovery of a novel coronavirus associated with the recent pneumonia outbreak in humans and its potential"
"bat origin. bioRxiv 2020.
[CrossRef]"
"50.
Guo, Q.; Li, M.; Wang, C.; Wang, P.; Fang, Z.; Tan, J.; Wu, S.; Xiao, Y.; Zhu, H. Host and infectivity prediction"
"of Wuhan 2019 novel coronavirus using deep learning algorithm. bioRxiv 2020.
[CrossRef]"
"51.
Ji, W.; Wang, W.; Zhao, X.; Zai, J.; Li, X. Homologous recombination within the spike glycoprotein of the"
"newly identiﬁed coronavirus may boost cross-species transmission from snake to human.
J. Med. Virol. 2020,"
"92, 433–440.
[CrossRef]"
"52.
South China Agricultural University: Pangolin May Be a Potential Intermediate Host of New Coronavirus."
"Available online: http://www.chinanews.com/sh/2020/02-07/9082279.shtml (accessed on 7 February 2020)."
"53.
Chowell, G.; Castillo-Chavez, C.; Fenimore, P.W.; Kribs-Zaleta, C.M.; Arriola, L.; Hyman,
J.M. Model"
"parameters and outbreak control for SARS. Emerg.
Infect. Dis. 2004, 10, 1258.
[CrossRef] [PubMed]"
"54.
Lau, E.H.Y.; Hsiung, C.A.; Cowling, B.J.; Chen, C.-H.; Ho, L.-M.; Tsang, T.; Chang, C.-W.; Donnelly, C.;"
"Leung, G.M. A comparative
epidemiologic
analysis of
SARS
in Hong Kong, Beijing and Taiwan."
"BMC Infect. Dis. 2010, 10, 50.
[CrossRef] [PubMed]"
"55.
Chinese Center for Disease Control and Prevention. Distribution of Pneumonia Infected by 2019-nCoV."
"Available online: http://2019ncov.chinacdc.cn/2019-nCoV/ (accessed on 15 February 2020)."
"56.
Real-time Updates of COVID-19 Epidemic in China. Available online: https://ncov.dxy.cn/ncovh5/view/"
"pneumonia (accessed on 15 February 2020)."
"57.
Nishiura, H.;
Jung, S.-M.; Linton, N.; Kinoshita, R.; Yang, Y.; Hayashi, K.; Kobayashi, T.; Yuan, B.;"
"J. Clin. Med.
Akhmetzhanov, A.R. The extent of transmission of novel coronavirus in Wuhan, China, 2020."
"2020, 9, 330.
[CrossRef]"
"58.
Li, X.; Zai, J.; Wang, X.; Li, Y. Potential of large ‘ﬁrst generation’ human-to-human transmission of 2019-nCoV."
"J. Med. Virol. 2020, 92, 448–454.
[CrossRef]"
"J.
59.
Carlos, W.G.; Dela Cruz, C.S.; Cao, B.; Pasnick, S.; Jamil, S. Novel Wuhan (2019-nCoV) Coronavirus. Am."
"Respir. Crit. Care Med. 2020, 201, 7–8.
[CrossRef]"
"60.
National Health Commission of the People’s Republic of China. The Role of Fecal-Oral Transmission in All"
"transmission Still Need Further Observation and Research. Available online: http://news.cctv.com/2020/02/"
"13/ARTISJWExxLSLWoL8mtJos97200213.shtml (accessed on 13 February 2020)."
"61.
Chinese
Center
for Disease
Control
and
Prevention.
There
Is No
Evidence
That
the New"
"Coronavirus Can Be Transmitted through Aerosol. Available online:
http://news.cctv.com/2020/02/09/"
"ARTIiVFnLC1ww5sTSMqbcXlz200209.shtml (accessed on 9 February 2020)."
"Lau,
J.T.; Tsui, H.; Lau, M.; Yang, X. SARS transmission,
risk factors, and prevention in Hong Kong.
62."
"Emerg. Infect. Dis. 2004, 10, 587.
[CrossRef]"
"63.
Lu, H.; Stratton, C.W.; Tang, Y.W. Outbreak of Pneumonia of Unknown Etiology in Wuhan China: The Mystery"
"and the Miracle.
J. Med. Virol. 2020, 92, 401–402.
[CrossRef]"
"64.
Rouquet, P.; Froment, J.-M.; Bermejo, M.; Kilbourn, A.; Karesh, W.; Reed, P.; Kumulungui, B.; Yaba, P.;"
"Delicat, A.; Rollin, P.E.; et al. Wild animal mortality monitoring and human Ebola outbreaks, Gabon and"
"Republic of Congo, 2001–2003. Emerg.
Infect. Dis. 2005, 11, 283.
[CrossRef]"
"J. Korean Med. Sci.
65.
Yoo, J.H. The Fight against the 2019-nCoV Outbreak: An Arduous March Has Just Begun."
"2020, 35, e56.
[CrossRef]"
