"Guangdong, and Shanxi (Figure 2b) [54]. In total, 2,102 patients were from Hong Kong, Macao, and 
Viruses 2020, 12, 244","6 of 17"
"Taiwan, with 336 deaths [24].",""
"","According to the latest data on Feb. 14th, 2020 [55,56], there have been a total of 67,081 clinically"
"","According to the latest data on Feb. 14th, 2020 [55,56], there have been a total of 67,081 clinically"
"diagnosed cases of COVID-19 in worldwide, with 1,526 deaths. A total of 25 countries and regions",""
"diagnosed cases of COVID-19 in worldwide, with 1,526 deaths. A total of 25 countries and regions",""
"have infected people. Due to the Spring Festival transportation peak, the disease has been spread",""
"have infected people. Due to the Spring Festival transportation peak, the disease has been spread",""
"more rapidly across China (Figure 2c). As the origin area of COVID-19, Hubei province has been the",""
"more rapidly across China (Figure 2c). As the origin area of COVID-19, Hubei province has been the",""
"most severely infected area, with 54,406 cumulative diagnosis cases. Wuhan city has 37,914 cases.",""
"","most severely infected area, with 54,406 cumulative diagnosis cases. Wuhan city has 37,914 cases."
"Guangdong,  Henan,  and  Zhejiang  province  have  1,294  cases,  1,212  cases,  and  1,162  cases,",""
"Guangdong, Henan, and Zhejiang province have 1,294 cases, 1,212 cases, and 1,162 cases, respectively",""
"respectively (Figure 2d). At present, the COVID-19 outbreak has been spread to all parts of China",""
"(Figure 2d). At present, the COVID-19 outbreak has been spread to all parts of China and around",""
"and  around  the  world,  including  the  United  States,  Thailand,  and  Japan.  It  has  been  noticed  that",""
"the world, including the United States, Thailand, and Japan.","It has been noticed that most of these"
"most of these patients have ever been to Wuhan or contacted with people who had been in Wuhan.",""
"patients have ever been to Wuhan or contacted with people who had been in Wuhan. The distribution",""
"The distribution of COVID-2019 patients in China (including Hong Kong, Macao and Taiwan) and",""
"of COVID-2019 patients in China (including Hong Kong, Macao and Taiwan) and Hubei Province is",""
"Hubei Province is shown in Figure 3.",""
"shown in Figure 3.",""
