"Viruses 2020, 12, 244","","10 of 17"
"","As the most abundant protein in CoVs, nucleocapsid (N) protein is highly conserved across",""
"","CoVs [91]. The N protein in SARS-CoV-2 shares ~90% amino acid identity with that in SARS-CoV [28],",""
"","which indicates that antibodies against the N protein of SARS-CoV would likely recognize and bind the N",""
"","protein of SARS-CoV-2 as well. N antibodies do not provide immunity to SARS-CoV-2 infection, but the",""
"","antibodies have a cross reactivity with SARS-CoV N protein viruses, which would allow a serum-based",""
"","assay to identify the asymptomatic SARS-CoV-2 infected-cases [28]. Although previous studies have",""
"","found serum reactivity to group SARS-CoV N proteins in Chinese populations [92], exposure to",""
"","SARS-CoV-2 should increase the dilution factor if the infection had occurred. This information has",""
"important implications for preventing the spread of asymptomatic infections.","",""
"","In addition, spike stalk S2 in SARS-CoV-2 is highly conserved and shares 99% identity with those",""
"","of the two bat SARS-like CoVs (bat-SL-CoVZXC21 and bat-SL-CoVZC45) and human SARS-CoV [11].",""
"","Thus, the broad spectrum antiviral peptides against S2 has the potential to be eﬀective treatment [93].",""
"3.10. Pathogenic Mechanisms","",""
"","Many studies have been performed to study the pathogenesis of SARS-CoV [94–96]. The spike (S)",""
"","protein and N protein confer stability to the viral particle [97]. The N protein is a structural protein",""
"","involved in virion assembly, and plays a pivotal role in virus transcription and assembly eﬃciency [97].",""
"","S protein can bind to the cellular receptors of sensitive cells and mediate infection of their target",""
"","cells, after which it begins to replicate in the cytoplasm [98]. SARS-CoV mainly targets the lungs,",""
"","immune organs, and small systemic blood vessels and causes systemic vasculitis and decrease of",""
"","immune function [99]. More seriously, the infection leads to extensive pulmonary consolidation, diﬀuse",""
"","alveolar damage, and the formation of a transparent membrane, ﬁnally deteriorating to respiratory",""
"distress [100].","",""
"","CoV can enter host cells through the interaction between CoV S protein and its host receptor",""
"","angiotensin-converting enzyme 2 (ACE2), which is isolated from SARS-CoV–permissive Vero-E6 cells.",""
"","The receptor-binding motif (RBM) of S protein can directly contact ACE2 [47,101,102]. AEC2 have",""
"","been identiﬁed to be key binding residues and functional receptor for SARS-CoV, and it can also",""
"","protect alveolar cells [103]. The binding of spike protein to ACE2 and the subsequent downregulation",""
"of
this receptor contribute to severe alveolar","injury during SARS [49].","The downregulation of"
"","ACE2 results in the excessive production of angiotensin II by the related enzyme ACE, and the",""
"","stimulation of type 1A angiotensin II receptor (AGTR1A) can lead to the increase of pulmonary vascular",""
"","permeability, which potentially explains the increased lung pathology when the expression of ACE2 is",""
"","decreased [104]. ACE2-transfected T cells form multinucleated syncytia with cells expressing S protein.",""
"","The virus was shown to replicate eﬀectively in ACE2-transfected, but not in mock-transfected T cells.",""
