"Viruses 2020, 12, x FOR PEER REVIEW","6 of 18"
"histogram.  On  Feb.  11th,  Hubei  Province  had  added  a  “clinical  diagnosis  case”  classification,  and",""
"identified  suspected  cases  with  pneumonia  imaging  features  as  clinical  diagnosis  cases  so  that",""
"patients  can  receive  standardized  treatment  as  soon  as  possible.  (d)  The  number  of  COVID-19",""
"patients  in  different  provinces  of  China.  The  time  period  shown  in  the  picture  was  in  the  Spring",""
"Festival transportation.",""
"","According to the WHO data on Jul. 31th, 2003 [24], a total of 8,096 clinically diagnosed cases of"
"SARS were reported worldwide, with 774 deaths and 26 countries and regions affected (Figure 2a).",""
