"Viruses 2020, 12, x FOR PEER REVIEW 
5 of 18"
"basic diseases, such as heart disease and hypertension [43,44]. At the time that this paper was been 
Viruses 2020, 12, 244
5 of 17"
"submitted, COVID-19 patients mortality rate was 2.1% [45]."
"ate in the restaurant a short distance from a civet cage. All six civets in this cage were tested positive
3.5. Animal Reservoirs"
"for SARS-CoV [48]."
"In  2010,  Shi  et  al.  isolated  a  SARS-like  coronavirus  which  was  highly  homologous  to  the"
"The new emerging SARS-CoV-2 shares about 80% of the gene sequence of SARS-CoV, released by"
"SARS-CoV, confirming that Rhinolophus sinicus (Chinese rufous horseshoe bat) was a natural host of"
"the Military Medical Research Institute of Nanjing Military Region in 2003 [28]. Recently, Shi et al."
"the  SARS-CoV  [46].  Bats  are  known  to  be  hosts  for  30  coronaviruses  based  on  complete  genomic"
"reported that the sequence similarity of coronavirus between SARS-CoV-2 and the coronavirus isolated"
"sequences  analysis  [47].  Epidemiological  investigations  have  shown  that  civet  cats  in  the  wildlife"
"from Rhinolophus aﬃnis is 96.2%, and suggested that bats may be the source of the virus [49]. So far,"
"market  were the  direct  source  of SARS-CoV  [48].  Among  the  four  patients  with  SARS  discovered"
"the intermediate hosts of SARS-CoV-2 are elusive and have been reported to be snakes, minks, or"
"during the winter of 2003-2004, two were waitresses at a restaurant in Guangzhou, China, and one"
"variable others [50,51]. Recently, a research group of South China Agricultural University reported
was a customer who ate in the restaurant a short distance from a civet cage. All six civets in this cage"
"that pangolins may be one of
the intermediate hosts for SARS-CoV-2, by analyzing more than
were tested positive for SARS-CoV[48]."
"1,000 metagenomic samples, because they found that 70% of pangolins are positive for the coronavirus.
The new emerging SARS-CoV-2 shares about 80% of the gene sequence of SARS-CoV, released"
"by the Military Medical Research Institute of Nanjing Military Region in 2003 [28]. Recently, Shi et al. 
Moreover, the virus isolate from pangolin shared 99% sequence similarity with the current infected"
"reported  that  the  sequence  similarity  of  coronavirus  between  SARS-CoV-2  and  the  coronavirus 
human strain SARS-CoV-2 [52]. Taking this recent research into consideration, we agreed that pangolin"
"isolated from Rhinolophus affinis is 96.2%, and suggested that bats may be the source of the virus [49]. 
is more likely to be one of intermediate hosts of SARS-CoV-2."
"So  far,  the  intermediate  hosts  of  SARS-CoV-2  are  elusive  and  have  been  reported  to  be  snakes,"
"3.6. Regional Distribution
minks, or variable others [50,51]. Recently, a research group of South China Agricultural University"
"reported that pangolins may be one of the intermediate hosts for SARS-CoV-2, by analyzing more"
"According to the WHO data on Jul. 31th, 2003 [24], a total of 8,096 clinically diagnosed cases of"
"than  1,000  metagenomic  samples,  because  they  found  that  70%  of  pangolins  are  positive  for  the"
"SARS were reported worldwide, with 774 deaths and 26 countries and regions aﬀected (Figure 2a)."
"coronavirus.  Moreover,  the  virus  isolate  from  pangolin  shared  99%  sequence  similarity  with  the"
"Most cases were in Asia, Europe, and America. The main countries in Asia were China (including"
"current infected human strain SARS-CoV-2 [52]. Taking this recent research into consideration, we"
"mainland, Macao, Hong Kong, and Taiwan), Singapore, and so on. The total number of cases in"
"agreed that pangolin is more likely to be one of intermediate hosts of SARS-CoV-2."
"mainland China was 5,327, with 349 deaths [53].
The cases were mainly concentrated in Beijing,"
"Guangdong, and Shanxi
(Figure 2b)
[54].
In total, 2,102 patients were from Hong Kong, Macao,
3.6. Regional Distribution"
"and Taiwan, with 336 deaths [24]."
