"Viruses 2020, 12, x FOR PEER REVIEW 
4 of 18"
"reported  worldwide.  In  Wuhan,  China,  the  number  is  37,914.  The  main  timeline  of  SARS  and"
"COVID-19 epidemic development were shown in Figure 1a and 1b, respectively."
"3.2. Clinical Symptoms"
"The  initial  symptoms  of  SARS  patients  were  fever  (100%),  cough  (61.8%),  myalgia  (48.7%),"
"dyspnea (40.8%), and diarrhea (31.6%) [29], and the prognosis of patients was associated with host"
"characteristics (including age, gender, etc.) [30]. During hospitalization, respiratory distress occurred"
"in 90.8% of SARS patients [29]. The duration from disease onset to severe respiratory distress was an"
"average  of  9.8  ±  3.0  days  [29].  During  the  disease  course,  some  patients  developed  leukopenia,"
"Viruses 2020, 12, 244
4 of 17"
"lymphopenia, and thrombocytopenia with an upregulation of aspartate transaminase (AST), alanine"
"aminotransferase (ALT), lactic dehydrogenase (LDH), and C-reactive protein (CRP) [29]."
"In comparison, COVID-19 showed similar trends with SARS patients [28]. Fever, fatigue, and"
"In comparison, COVID-19 showed similar
trends with SARS patients
[28]. Fever,
fatigue,"
"dry cough are the main manifestations of the patients, while nasal congestion, runny nose, and other"
"and dry cough are the main manifestations of
the patients, while nasal congestion,
runny nose,"
"symptoms  of  the  upper  respiratory 
tract  are  rare.  Beijing  Centers 
for  Diseases  Control  and"
"and other symptoms of the upper respiratory tract are rare. Beijing Centers for Diseases Control"
"Prevention  indicated  that  the  typical  case  of  COVID-19  has  a  progressive  aggravation  process."
"and Prevention indicated that the typical case of COVID-19 has a progressive aggravation process."
"COVID-19 can be classified into light, normal, severe, and critical types based on the severity of the"
"COVID-19 can be classiﬁed into light, normal,
severe, and critical
types based on the severity"
"disease [31]: (1) Mild cases—the clinical symptoms were mild, and no pneumonia was found on the"
"of
the disease [31]:
(1) Mild cases—the clinical
symptoms were mild, and no pneumonia was"
"chest  computed  tomography  (CT);  (2)  normal  cases—fever,  respiratory  symptoms,  and  patients"
"found on the chest computed tomography (CT);
(2) normal cases—fever,
respiratory symptoms,"
"found  to have  imaging manifestations  of pneumonia; (3)  severe cases—one  of  the  following  three"
"and patients found to have imaging manifestations of pneumonia;
(3) severe cases—one of
the"
"conditions: Respiratory distress, respiratory rate ≥ 30 times / min (in resting state, refers to oxygen"
"following three conditions: Respiratory distress, respiratory rate ≥ 30 times/min (in resting state, refers"
"saturation ≤ 93%), partial arterial oxygen pressure (PaO2)/oxygen absorption concentration (FiO2) ≤"
"to oxygen saturation ≤ 93%), partial arterial oxygen pressure (PaO2)/oxygen absorption concentration"
"300  mmHg  (1  mmHg  =  0.133  kPa);  (4)  critical  cases—one  of  the  following  three  conditions:"
"(FiO2) ≤ 300 mmHg (1 mmHg = 0.133 kPa); (4) critical cases—one of the following three conditions:"
"Respiratory failure and the need for mechanical ventilation, shock, or the associated failure of other"
"Respiratory failure and the need for mechanical ventilation, shock, or the associated failure of other"
"organs requiring the intensive care unit [32]. The current clinical data shows that the majority of the"
"organs requiring the intensive care unit [32]. The current clinical data shows that the majority of the"
"deaths occurred in the older patients. However, severe cases have been documented in young adults"
"deaths occurred in the older patients. However, severe cases have been documented in young adults"
"who have  unique  factors, particularly  those  with chronic  diseases,  such  as diabetes  or hepatitis  B."
"who have unique factors, particularly those with chronic diseases, such as diabetes or hepatitis B."
"Those with a long-term use of hormones or immunosuppressants, and decreased immune function,"
"Those with a long-term use of hormones or immunosuppressants, and decreased immune function,"
"are likely to get severely infected."
"are likely to get severely infected."
"3.3. Virus Incubation 
3.3. Virus Incubation"
"The  incubation period  of  SARS  is  1–4  days  [33]. However,  in  a  small  number  of patients,  the 
The incubation period of SARS is 1–4 days [33]. However,
in a small number of patients,"
"incubation  period  may  be  longer  than  10  days  [34].  It  has  been  demonstrated  that  the  latency  of 
the incubation period may be longer than 10 days [34].
It has been demonstrated that the latency of"
"COVID-19 varies from 3–7 days on average, for up to 14 days [35]. During this incubation period, 
COVID-19 varies from 3–7 days on average, for up to 14 days [35]. During this incubation period,"
"patients are contagious, and it has been reported that each case infected on average 3.77 other people 
patients are contagious, and it has been reported that each case infected on average 3.77 other people"
"(uncertainty range 2.23-4.82) [36]. By comparison, we found that the average latency of COVID-19 is 
(uncertainty range 2.23-4.82) [36]. By comparison, we found that the average latency of COVID-19 is"
"slightly longer than that of SARS. 
slightly longer than that of SARS."
"3.4. Susceptible Populations
3.4. Susceptible Populations"
"According to the demographic information of SARS patients, infection occurred in all age groups
According  to  the  demographic  information  of  SARS  patients,  infection  occurred  in  all  age"
"(the average age was
45) [37]. There was a proportional diﬀerence between male and female (female
groups  (the  average  age  was  ≦45)  [37].  There  was  a  proportional  difference  between  male  and"
"predominance) [37], with a male-to-female ratio of 1:1.25 [38].
In addition, hospital staﬀ had a higher
female (female predominance) [37], with a male-to-female ratio of 1:1.25 [38]. In addition, hospital"
"risk due to the proximal interactions with large numbers from the infected population. For example,
staff  had  a  higher  risk  due  to  the  proximal  interactions  with  large  numbers  from  the  infected"
"hospital staﬀ accounted for 22% of all cases in Hong Kong and 22.8% in Guangdong [37]. The mortality
population. For example, hospital staff accounted for 22% of all cases in Hong Kong and 22.8% in"
"caused by SARS increased with age (> 64 years) [37], and the overall mortality rate during the outbreak
Guangdong [37]. The mortality caused by SARS increased with age (> 64 years) [37], and the overall"
"of SARS was estimated at 9.6% [39,40].
mortality rate during the outbreak of SARS was estimated at 9.6% [39,40]."
"Li et al. reported that people who have not been exposed to SARS-CoV-2 are all susceptible to
Li et al. reported that people who have not been exposed to SARS-CoV-2 are all susceptible to"
"COVID-19 [41]. Among the 8,866 patients who have been conﬁrmed with COVID-19, nearly half of the
COVID-19 [41]. Among the 8,866 patients who have been confirmed with COVID-19, nearly half of"
"patients have been aged 50 years or older (47.7%) [36]. The male-to-female ratio is about 2.7:1 [38]
the patients have been aged 50 years or older (47.7%) [36]. The male-to-female ratio is about 2.7:1 [38]"
"and the average incubation period is 5.2 days [42]. However, severe COVID-19 cases and deaths
and  the  average  incubation  period  is  5.2  days  [42].  However,  severe  COVID-19  cases  and  deaths"
"have mostly been in the middle-aged adults and the elderly with long smoking histories or other
have mostly  been  in the middle-aged  adults  and  the elderly  with  long  smoking histories or other"
"basic diseases, such as heart disease and hypertension [43,44]. At the time that this paper was been"
