"Viruses 2020, 12, 244
13 of 17"
"Lee, N.; Hui, D.S.; Wu, A.; Chan, P.K.S.; Cameron, P.; Joynt, G.; Ahuja, A.T.; Yung, M.Y.; Leung, C.; To, K.; et al.
21."
"A major outbreak of severe acute respiratory syndrome in Hong Kong. N. Engl.
J. Med. 2003, 348, 1986–1994."
"[CrossRef]"
"22.
Poutanen, S.; Low, N.E.; Henry, B.; Finkelstein, S.; Rose, D.; Green, K.; Tellier, R.; Draker, R.; Adachi, D.;"
"Ayers, M.; et al.
Identiﬁcation of severe acute respiratory syndrome in Canada. N. Engl.
J. Med. 2003, 348,"
"1995–2005.
[CrossRef]"
"23.
Leo, Y.S.; Chen, M.; Heng, B.H.; Lee, C.C. Severe acute respiratory syndrome-Singapore, 2003. MMWR Morb."
"Mortal. Wkly. Rep. 2003, 52, 405."
"24.
World Health Organization. Summary of Probable SARS Cases with Onset of Illness from 1 November"
"2002 to 31 July 2003. Available online: http://www.who.int/csr/sars/country/table2004_04_21/en/index.html."
"(accessed on 27 January 2020)."
"25.
Nuttall, I.; Dye, C. The SARS wake-up call. Science 2013, 339, 1287–1288.
[CrossRef]"
"26.
Al-Tawﬁq,
J.A.; Zumla, A.; Memish, Z.A. Travel
implications of emerging coronaviruses:
SARS and"
"MERS-CoV. Travel. Med.
Infect. Dis. 2014, 12, 422–428.
[CrossRef]"
"27.
Chinese Center for Disease Control and Prevention.
Epidemic Update and Risk Assessment of 2019"
"Novel Coronavirus. Available online: http://www.chinacdc.cn/yyrdgz/202001/P020200128523354919292.pdf"
"(accessed on 28 January 2020)."
"28.
Gralinski, L.E.; Menachery, V.D. Return of the Coronavirus: 2019-nCoV. Viruses 2020, 12, 135.
[CrossRef]"
"[PubMed]"
"29.
Wang, J.T.; Sheng, W.H.; Fang, C.T.; Chen, Y.C.; Wang, J.L.; Yu, C.J.; Yang, P.C. Clinical manifestations,"
"laboratory ﬁndings, and treatment outcomes of SARS patients. Emerg.
Infect. Dis. 2004, 10, 818.
[CrossRef]"
"[PubMed]"
"30.
Fehr, A.R.; Channappanavar, R.; Perlman, S. Middle East respiratory syndrome: Emergence of a pathogenic"
"human coronavirus. Annu. Rev. Med. 2017, 68, 387–399.
[CrossRef] [PubMed]"
"31.
National Health Commission
of
the
People’s Republic
of China.
Diagnosis
and
Treatment
of"
"Pneumonia Caused by 2019-nCoV (Trial Version 4).
Available
online:
http://www.nhc.gov.cn/jkj/"
"s3577/202002/573340613ab243b3a7f61df260551dd4/ﬁles/c791e5a7ea5149f680fdcb34dac0f54e.pdf (accessed on"
"6 February 2020)."
"32.
Yang, F. Pulmonary rehabilitation guidelines in the principle of 4S for patients infected with 2019 novel"
"coronavirus (2019-nCoV). Zhonghua Jie He He Hu Xi Za Zhi 2020, 43, E004."
"33.
Lessler, J.; Reich, N.G.; Brookmeyer, R.; Perl, T.M.; Nelson, K.E.; Cummings, D.A. Incubation periods of acute"
"respiratory viral infections: A systematic review. Lancet.
Infect. Dis. 2009, 9, 291–300.
[CrossRef]"
"34.
Meltzer, M.I. Multiple contact dates and SARS incubation periods. Emerg.
Infect. Dis. 2004, 10, 207.
[CrossRef]"
"35.
Zhu, N.; Zhang, D.; Wang, W.; Li, X.; Yang, B.; Song, J.; Zhao, X.; Huang, B.; Shi, W.; Lu, R.; et al. A novel"
"coronavirus from patients with pneumonia in China, 2019. N. Engl.
J. Med. 2020, 382, 727–733.
[CrossRef]"
"36.
Yang, Y.; Lu, Q.; Liu, M.; Wang, Y.; Zhang, A.; Jalali, N.; Dean, N.; Longini, I.; Halloran, M.E.; Xu, B.; et al."
"Epidemiological and clinical
features of
the 2019 novel coronavirus outbreak in China. medRxiv 2020."
"[CrossRef]"
"37.
Chan-Yeung, M.; Xu, R.H. SARS: Epidemiology. Respirology 2003, 8, S9–S14.
[CrossRef]"
"38.
Wang, C.; Horby, P.W.; Hayden, F.G.; Gao, G.F. A novel coronavirus outbreak of global health concern. Lancet"
"2020, 395, 470–473.
[CrossRef]"
"J. Med.
39.
Peiris, J.S.; Yuen, K.Y.; Osterhaus, A.D.; Stöhr, K. The severe acute respiratory syndrome. N. Engl."
"2003, 349, 2431–2441.
[CrossRef] [PubMed]"
"40.
Leung, G.M.; Hedley, A.J.; Ho, L.-M.; Chau, P.; Wong, I.O.; Thach, T.Q.; Ghani, A.C.; Donnelly, C.; Fraser, C.;"
"Riley, S.; et al. The epidemiology of severe acute respiratory syndrome in the 2003 Hong Kong epidemic:"
"An analysis of all 1755 patients. Ann.
Intern. Med. 2004, 141, 662–673.
[CrossRef] [PubMed]"
"41.
Infectious Disease Expert Li Lanjuan Responded to Six Questions of 2019-nCoV. Available online: http:"
"//m.news.cctv.com/2020/01/23/ARTIEw78LIxqpgx6Ilm7NkBo200123.shtml (accessed on 23 January 2020)."
"42.
Li, Q.; Guan, X.; Wu, P.; Wang, X.; Zhou, L.; Tong, Y.; Ren, R.; Leung, K.S.; Lau, E.H.; Wong, J.Y.; et al. Early"
"Transmission Dynamics in Wuhan, China, of Novel Coronavirus-Infected Pneumonia. N. Engl.
J. Med. 2020."
"[CrossRef] [PubMed]"
"43.
Huang, C.; Wang, Y.; Li, X.; Ren, L.; Zhao, J.; Hu, Y.; Zhang, L.; Fan, G.; Xu, J.; Gu, X.; et al. Clinical features"
"of patients infected with 2019 novel coronavirus in Wuhan, China. Lancet 2020, 395, 497–506.
[CrossRef]"
