"Viruses 2020, 12, 194","","11 of 16"
"","prevention of epidemics [73]. CEPI and partners aim to use existing platforms—that is, the existing",""
"“backbone” that can be adapted for use against new pathogens—that are currently in preclinical","",""
"","development for MERS-CoV vaccine candidates. Following the WHO declaration on 30 January that",""
"","the current 2019-nCoV outbreak is a public health emergency of international concern (PHEIC), global",""
"","health organizations and researchers will be further mobilized—bolstered by new mechanisms for",""
"action and greater resources—to stop the spread of disease.","",""
"A critical question that must be answered at","this stage—with a clear view of","the potential"
"","deleterious eﬀects of a new coronavirus in pregnancy—is will maternal immunization be a priority in",""
"","research and development? As of the PHEIC declaration, 12 groups have announced that they are",""
"","developing new vaccines against 2019-nCoV and seven others announced initiatives to develop new",""
"","therapies [74]. Safe testing of experimental vaccines in a pregnant population is diﬃcult and, as a",""
"","result, vaccines are not typically developed with pregnant women in mind. To date, very few clinical",""
"","trials for vaccines have proactively included pregnant women [75], and the exclusion of pregnant and",""
"","lactating women from receiving the rVSV-ZEBOV vaccine through 3 Ebola virus epidemics serves as a",""
"","recent example [69–71]. Given the potential severity in pregnancy, as demonstrated by this review of",""
"","maternal infections of SARS and MERS, women who are pregnant should be considered a priority",""
"population in all eﬀorts to prepare for and prevent infection by novel coronaviruses.","",""
"","13. Current Status of 2019-nCoV (SARS-CoV-2) Infection of Pregnant Women and Neonates",""
"","On 5 February 2020 it was reported by multiple media outlets that a newborn infant delivered",""
"","during the epidemic in Wuhan had tested positive for 2019-nCoV at the Wuhan Children’s Hospital in",""
"","Hubei Province 30 hours following its birth. According to the oﬃcial Xinhua news agency, the infant",""
"","was delivered on 2 February to a mother who had tested positive for the virus. Reports have stated",""
"","that the infant had stable vital signs, no fever or cough, but had shortness of breath together with",""
"","abnormal chest radiographs and abnormalities of liver function [76–78]. Dr. Zeng Lingkong, Chief",""
"Physician at the Neonatal Medicine Department of the hospital, said [78],","",""
