"Viruses 2020, 12, 194
15 of 16"
"Jeong, S.Y.; Sung, S.I.; Sung, J.H.; Ahn, W.Y.; Kang, E.S.; Chang, Y.S.; Park, S.P.; Kim, J.H. MERS-CoV infection
49."
"in pregnant woman in Korea.
J. Korean Med. Sci. 2017, 32, 1717–1720.
[CrossRef]"
"50.
CDC. Middle East Respiratory Syndrome (MERS) Overview.
Available online:
https://www.cdc.gov/"
"coronavirus/mers/index.html (accessed on 31 January 2020)."
"51.
Memish, Z.A.; Sumla, A.L.; Al-Hakeem, R.F.; Al-Rabeeah, A.A.; Stephens, G.M. Family cluster of Middle"
"East respiratory syndrome coronavirus infections. N. Engl.
J. Med. 2013, 368, 2487–2494.
[CrossRef]"
"52.
Hijawi, B.; Abdallat, M.; Sayaydeh, A.; Alqasrawi, S.; Haddadin, A.; Jaarour, N.; Alsheikh, S.; Alsanouri, T."
"Novel
coronavirus
infections
in Jordan, April 2012:
Epidemiological ﬁndings
from a retrospective"
"investigation. East. Mediterr. Health J. 2013, 19, S12–S18.
[CrossRef]"
"53.
Oboho, I.K.; Tomczyk, S.M.; Al-Asmari, A.M.; Banjar, A.A.; Al-Mugti, H.; Aloraini, M.S.; Alkhaldi, K.Z.;"
"Almohammadi, E.L.; Alraddadi, B.M.; Gerber, S.I.; et al. 2014 MERS-CoV outbreak in Jeddah—A link to"
"health care facilities. N. Engl.
J. Med. 2015, 372, 846–854.
[CrossRef] [PubMed]"
"54.
Hunter, J.C.; Nguyen, D.; Aden, B.; Al Bandar, Z.; Al Dhaheri, W.; Abu Elkheir, K.; Khudair, A.; Al Mulla, M.;"
"El Saleh, F.; Imambaccus, H.; et al. Transmission of Middle East respiratory syndrome coronavirus infections"
"in healthcare settings, Abu Dhabi. Emerg.
Infect. Dis. 2016, 22, 647–656.
[CrossRef] [PubMed]"
"55.
Oh, M.D.; Park, W.B.; Park, S.W.; Choe, P.G.; Bang, J.H.; Song, K.H.; Kim, E.S.; Kim, H.B.; Kim, N.J. Middle"
"East respiratory syndrome: What we learned from the 2015 outbreak in the Republic of Korea. Korean J."
"Intern. Med. 2018, 33, 233–246.
[CrossRef] [PubMed]"
"56.
Mohd, H.A.; Al-Tawﬁq, J.A.; Memish, Z.A. Middle East Respiratory Syndrome Coronavirus (MERS-CoV)"
"origin and animal reservoir. Virol.
J. 2016, 13, 87.
[CrossRef] [PubMed]"
"57.
Hemida, H.G.; Elmoslemany, A.; Al-Hizab, F.; Alnaeem, A.; Almathen, F.; Faye, B.; Chu, D.K.W.; Perera, R.A.;"
"Peiris, M. Dromedary camels and the transmission of Middle East respiratory syndrome coronavirus"
"(MERS-CoV). Transbound. Emerg. Dis. 2017, 64, 344–353.
[CrossRef] [PubMed]"
"58.
Alserehi, H.; Wali, G.; Alshukairi, A.; Alraddadi, B. Impact of Middle East respiratory syndrome coronavirus"
"(MERS-CoV) on pregnancy and perinatal outcome. BMC Infect. Dis. 2016, 16, 105.
[CrossRef] [PubMed]"
"J. Comm.
59.
Yadav, S.; Rawal, G.; Baxi, M. An Overview of the latest infectious diseases around the world."
"Health Manag. 2016, 3, 41–43."
"60.
Malik, A.; El Masry, K.M.; Ravi, M.; Sayed, F. Middle East respiratory syndrome coronavirus during"
"pregnancy, Abu Dhabi, United Arab Emirates 2013. Emerg.
Infect. Dis. 2016, 22, 515–517.
[CrossRef]"
"61.
Alfaraj, S.H.; Al-Tawﬁq, J.A.; Memish, Z.A. Middle East respiratory syndrome coronavirus (MERS-CoV)"
"J. Microbiol.
Immunol.
infection during pregnancy: Report of two cases & review of literature.
Infect. 2019, 52,"
"501–503."
"62.
Payne, D.C.;
Iblan,
I.; Alqasrawi, S.; Al Nsour, M.; Rha, B.; Tohme, R.A.; Abedi, G.R.; Farag, N.H.;"
"Haddadin, A.; Al Sanhouri, T.; et al. Stillbirth during infection with Middle East respiratory syndrome"
"coronavirus.
J. Infect. Dis. 2014, 209, 1870–1872.
[CrossRef]"
"63.
Al-Tawﬁq,
J.A.; Memish, Z.A. Update on therapeutic options
for Middle East
respiratory syndrome"
"coronavirus (MERS-CoV). Expert Rev. Anti-Infect. Ther. 2017, 15, 269–275.
[CrossRef] [PubMed]"
"64.
Gagneur, A.; Dirson, E.; Audebert, S.; Vallet, S.; Quillien, M.C.; Baron, R.; Laurent, Y.; Collet, M.; Sizun, J.;"
"Oger, E.; et al. Vertical transmission of human coronavirus. Prospective pilot study. Pathol. Biol. 2007, 55,"
"525–530.
[CrossRef] [PubMed]"
"65.
Gagneur, A.; Dirson, E.; Audebert, S.; Vallet, S.; Legrand-Quillien, M.C.; Laurent, Y.; Collet, M.; Sizun, J.;"
"J.
Oger, E.; Payan, C. Materno-fetal transmission of human coronaviruses: A prospective pilot study. Eur."
"Clin. Microbiol.
Infect. Dis. 2008, 27, 863–866.
[CrossRef] [PubMed]"
"66.
Gillim-Ross, L.; Subbarao, K. Emerging respiratory viruses: Challenges and vaccine strategies. Clin. Microbiol."
"Rev. 2006, 19, 614–636.
[CrossRef] [PubMed]"
"67.
Wu, L.-P.; Wang, N.-C.; Chang, Y.-H.; Tian, X.-Y.; Na, D.-Y.; Zhang, L.-Y.; Zheng, L.; Lan, T.; Wang, L.-F.;"
"Infect. Dis.
Liang, G.-D. Duration of antibody responses after severe acute respiratory syndrome. Emerg."
"2007, 13, 1562–1564.
[CrossRef]"
"68.
Tseng, C.T.; Sbrana, E.; Iwata-Yoshikawa, N.; Newman, P.C.; Garron, T.; Atmar, R.L.; Peters, C.J.; Couch, R.B."
"Immunization with SARS coronavirus vaccines leads to pulmonary immunopathology on challenge with the"
"SARS virus. PLoS ONE 2012, 7, 1–13.
[CrossRef]"
