"Viruses 2020, 12, 194
14 of 16"
"Wong, S.F.; Chow, K.M.; de Swiet, M. Severe acute respiratory syndrome and pregnancy. BJOG 2003, 110,
28."
"641–642.
[CrossRef]"
"29.
Wong, S.F.; Chow, K.M.; Leung, T.N.; Ng, W.F.; Ng, T.K.; Shek, C.C.; Ng, P.C.; Lam, P.W.; Ho, L.C.;"
"J.
To, W.W.; et al. Pregnancy and perinatal outcomes of women with severe acute respiratory syndrome. Am."
"Obstet. Gynecol. 2004, 191, 292–297.
[CrossRef]"
"30.
Ng, P.C.; So, K.W.; Leung, T.F.; Cheng, F.W.; Lyon, D.J.; Wong, W.; Cheung, K.L.; Fung, K.S.; Lee, C.H.;"
"Li, A.M.; et al.
Infection control for SARS in a tertiary neonatal centre. Arch. Dis. Child. Fetal Neonatal Ed."
"2003, 88, F405–F409.
[CrossRef] [PubMed]"
"31.
Ng, P.C.; Leung, C.W.; Chiu, W.K.; Wong, S.F.; Hon, E.K. SARS in newborns and children. Biol. Neonate. 2004,"
"85, 293–298.
[CrossRef] [PubMed]"
"32.
Maxwell, C.; McGeer, A.; Tai, K.F.Y.; Sermer, M. No. 225-Management guidelines for obstetric patients and"
"neonates born to mothers with suspected or probable severe acute respiratory syndrome (SARS). J. Obstet."
"Gynaecol. Can. 2017, 39, e130–e137.
[CrossRef] [PubMed]"
"33.
Lam, C.M.; Wong, S.F.; Leung, T.N.; Chow, K.M.; Yu, W.C.; Wong, T.Y.; Lai, S.T.; Ho, L.C. A case-controlled"
"study comparing clinical course and outcomes of pregnant and non-pregnant women with severe acute"
"respiratory syndrome. BJOG 2004, 111, 771–774.
[CrossRef]"
"34.
Zhang, J.P.; Wang, Y.H.; Chen, L.N.; Zhang, R.; Xie, Y.F. Clinical analysis of pregnancy in second and third"
"trimesters complicated severe acute respiratory syndrome. Zhonghua Fu Chan Ke Za Zhi 2003, 38, 516–520."
"35.
Robertson, C.A.; Lowther, S.A.; Birch, T.; Tan, C.; Sorhage, F.; Stockman, L.; McDonald, C.; Lingappa, J.R.;"
"Bresnitz, E. SARS and pregnancy: A case report. Emerg.
Infect. Dis. 2004, 10, 345–348.
[CrossRef]"
"36.
Schneider, E.; Duncan, D.; Reiken, M.; Perry, R.; Messick, J.; Sheedy, C.; Haase, J.; Gorab, J. SARS in pregnancy."
"AWHONN Lifelines 2004, 8, 122–128.
[CrossRef]"
"37.
Stockman, L.J.; Lowther, S.A.; Coy, K.; Saw,
J.; Parashar, U.D. SARS during pregnancy, United States."
"Emerg. Infect. Dis. 2004, 10, 1689–1690.
[CrossRef]"
"38.
Yudin, M.H.; Steele, D.M.; Sgro, M.D.; Read, S.E.; Kopplin, P.; Gough, K.A. Severe acute respiratory syndrome"
"in pregnancy. Obstet. Gynecol. 2005, 105, 124–127.
[CrossRef]"
"39.
Shek, C.C.; Ng, P.C.; Fung, G.P.; Cheng, F.W.; Chan, P.K.; Peiris, M.J.; Lee, K.H.; Wong, S.F.; Cheung, H.M.;"
"Li, A.M.; et al.
Infants born to mothers with severe acute respiratory syndrome. Pediatrics 2003, 112, e254."
"[CrossRef]"
"40.
Li, A.M.; Ng, P.C. Severe acute respiratory syndrome (SARS) in neonates and children. Arch. Dis. Child. Fetal"
"Neonatal Ed. 2005, 90, F461–F465.
[CrossRef] [PubMed]"
"41.
Ng, W.F.; Wong, S.F.; Lam, A.; Mak, Y.F.; Yao, H.; Lee, K.C.; Chow, K.M.; Yu, W.C.; Ho, L.C. The placentas"
"of patients with severe acute respiratory syndrome: A pathophysiological evaluation. Pathology 2006, 38,"
"210–218.
[CrossRef] [PubMed]"
"42.
Poutanen, S.M.; Low, D.E.; Henry, B.; Finkelstein, S.; Rose, D.; Green, K.; Tellier, R.; Draker, R.; Adachi, D.;"
"Ayers, M.; et al.
Identiﬁcation of severe acute respiratory syndrome in Canada. N. Engl.
J. Med. 2003, 348,"
"1995–2005.
[CrossRef] [PubMed]"
"43.
Seto, W.H.; Tsang, D.; Yung, R.W.; Ching, T.Y.; Ng, T.K.; Ho, M.; Ho, L.M.; Peiris, J.S.M.; Advisors of Expert"
"SARS group of Hospital Authority. Eﬀectiveness of precautions against droplets and contact in prevention"
"of nosocomial transmission of severe acute respiratory syndrome. Lancet 2003, 361, 1519–1520.
[CrossRef]"
"44.
Hung, L.S. The SARS epidemic in Hong Kong: What lessons have we learned?
J. R. Soc. Med. 2003, 96,"
"374–378.
[CrossRef] [PubMed]"
"45.
Maxwell, C.; McGeer, A.; Tai, K.F.Y.; Sermer, M.; Maternal Fetal Medicine Committee; Infectious Disease"
"Committee. Management guidelines for obstetric patients and neonates born to mothers with suspected or"
"probable severe acute respiratory syndrome (SARS). J. Obstet. Gynaecol. Can. 2009, 31, 358–364.
[CrossRef]"
"46.
WHO. Middle East Respiratory Syndrome (MERS) Background. Available online: https://www.who.int/"
"emergencies/mers-cov/en/ (accessed on 31 January 2020)."
"47.
Assiri, A.; Abedi, G.R.; Almasry, M.; Bin Saeed, A.; Gerber, S.I.; Watson, J.T. Middle East respiratory syndrome"
"coronavirus infection during pregnancy: A report of 5 cases from Saudi Arabia. Clin.
Infect. Dis. 2016, 63,"
"951–953.
[CrossRef]"
"48.
Centers for Disease Control and Prevention (CDC). Middle East Respiratory Syndrome (MERS) Fact"
"Sheet. 2015. Available online: https://www.cdc.gov/coronavirus/mers/downloads/factsheet-mers_en.pdf"
"(accessed on 31 January 2020)."
