"","In order to address the safety issues for the obstetrical management and delivery of pregnant"
"","women with SARS, guidelines were prepared by the Canadian Task Force on Preventive Health Care"
"","and the Society of Obstetricians and Gynaecologists of Canada [45]. These recommendations include:"
"1.","“All hospitals should have infection control systems in place to ensure that alerts regarding"
"","changes in exposure risk factors for SARS or other potentially serious communicable diseases are"
"","conveyed promptly to clinical units, including the labour and delivery unit."
"2.","At times of SARS outbreaks, all pregnant patients being assessed or admitted to the hospital"
"","should be screened for symptoms of and risk factors for SARS."
"3.","Upon arrival
in the labour triage unit, pregnant patients with suspected and probable SARS"
"","should be placed in a negative pressure isolation room with at least 6 air exchanges per hour. All"
"","labour and delivery units caring for suspected and probable SARS should have available at least"
"","one room in which patients can safely labour and deliver while in need of airborne isolation."
"4.","If possible,
labour and delivery (including operative delivery or Caesarean section) should"
"","be managed in a designated negative pressure isolation room, by designated personnel with"
"","specialized infection control preparation and protective gear."
"5.","Either regional or general anaesthesia may be appropriate for delivery of patients with SARS."
