"Viruses 2020, 12, 194
13 of 16"
"Li, Q.; Guan, X.; Wu, P.; Wang, X.; Zhou, L.; Tong, Y.; Ren, R.; Leung, K.S.M.; Lau, E.H.Y.; Wong, J.Y.; et al.
7."
"J. Med.
Early transmission dynamics in Wuhan, China, of novel coronavirus-infected pneumonia. N. Engl."
"2020.
[CrossRef]"
"8.
Zhu, N.; Zhang, D.; Wang, W.; Li, X.; Yang, B.; Song, J.; Zhao, X.; Huang, B.; Shi, W.; Lu, R.; et al. A novel"
"coronavirus from patients with pneumonia in China, 2019. N. Engl.
J. Med. 2020.
[CrossRef]"
"9.
Cohen,
J. Wuhan Seafood Market May Not Be Source of Novel Virus Spreading Globally.
Available"
"online: https://www.sciencemag.org/news/2020/01/wuhan-seafood-market-may-not-be-source-novel-virus-"
"spreading-globally (accessed on 31 January 2020)."
"10.
Huang, C.; Wang, Y.; Li, X.; Ren, L.; Zhao, J.; Hu, Y.; Zhang, L.; Fan, G.; Xu, J.; Gu, X.; et al. Clinical features"
"of patients infected with 2019 novel coronavirus in Wuhan, China. Lancet 2020.
[CrossRef]"
"11.
WHO. Statement on the Second Meeting of
the International Health Regulations
(2005) Emergency"
"Committee Regarding the Outbreak of Novel Coronavirus (2019-nCoV). Available online: https://www."
"who.int/news-room/detail/30-01-2020-statement-on-the-second-meeting-of-the-international-health-"
"regulations-(2005)-emergency-committee-regarding-the-outbreak-of-novel-coronavirus-(2019-nCoV)"
"(accessed on 30 January 2020)."
"12.
WHO. Novel Coronavirus (2019-nCoV). Situation Report–20. Available online: https://www.who.int/docs/"
"default-source/coronaviruse/situation-reports/20200209-sitrep-20-ncov.pdf?sfvrsn=6f80d1b9_2 (accessed on"
"9 February 2020)."
"13.
Wee,
S.-L.; McNeil, D.G.,
Jr.;
Hernández,
J.C. W.H.O. Declares Global
Emergency
as Wuhan"
"Coronavirus Spreads. Available online: https://www.nytimes.com/2020/01/30/health/coronavirus-world-"
"health-organization.html (accessed on 31 January 2020)."
"14.
Benedetti, T.J.; Valle, R.; Ledger, W.J. Antepartum pneumonia in pregnancy. Obstet. Gynecol.
1982, 144,"
"413–417.
[CrossRef]"
"15.
Berkowitz, K.; LaSala, A. Risk factors associated with the increasing prevalence of pneumonia during"
"pregnancy. Am.
J. Obstet. Gynecol. 1990, 163, 981–985.
[CrossRef]"
"16.
Madinger, N.E.; Greenspoon, J.S.; Eilrodt, A.G. Pneumonia during pregnancy: Has modern technology"
"improved maternal and fetal outcome? Am.
J. Obstet. Gynecol. 1989, 161, 657–662.
[CrossRef]"
"17.
Visscher, H.C.; Visscher, R.D. Indirect obstetric deaths in the state of Michigan 1960–1968. Am. J. Obstet. Gynecol."
"1971, 109, 1187–1196.
[CrossRef]"
"18.
Rigby, F.B.; Pastorek, J.G. Pneumonia during pregnancy. Clin. Obstet. Gynecol. 1996, 39, 107–119.
[CrossRef]"
"[PubMed]"
"19.
Jamieson, D.J.; Theiler, R.N.; Rasmussen, S.A. Emerging infections and pregnancy. Emerg.
Infect. Dis. 2006,"
"12, 1638–1643.
[CrossRef] [PubMed]"
"20.
Sargent, I.L.; Redman, C. Immunobiologic adaptations of pregnancy.
In Medicine of the Fetus and Mother;"
"Reece, E.A., Hobbins., J.C., Mahoney, M.J., Petrie, R.H., Eds.; JB Lippincott Company: Philadelphia, PA, USA,"
"1992; pp. 317–327."
"21.
Nyhan, D.; Bredin, C.; Quigley, C. Acute respiratory failure in pregnancy due to staphylococcal pneumonia."
"Ir. Med.
J. 1983, 76, 320–321.
[PubMed]"
"22.
Weinberger, S.; Weiss, S.; Cohen, W.; Weiss, J.; Johnson, T.S. Pregnancy and the lung. Am. Rev. Resp. Dis."
"1980, 121, 559–581.
[CrossRef]"
"23.
Harris, J.W. Inﬂuenza occurring in pregnant women; a statistical study of thirteen hundred and ﬁfty cases."
"JAMA 1919, 72, 978–980.
[CrossRef]"
"24.
Eickhoﬀ, T.C.; Sherman,
I.L.; Serﬂing, R.E. Observations on excess mortality associated with epidemic"
"inﬂuenza.
JAMA 1961, 176, 776–782.
[CrossRef]"
"Government of Canada. Learning from SARS: Renewal of Public Health in Canada—SARS in Canada:
25."
"Anatomy of an Outbreak.
Available online:
https://www.canada.ca/en/public-health/services/reports-"
"publications/learning-sars-renewal-public-health-canada/chapter-2-sars-canada-anatomy-outbreak.html"
"(accessed on 2 February 2020)."
"26.
Peterson, M.J. Reporting Incidence of Severe Acute Respiratory Syndrome (SARS) Appendix A: Chronology."
"Available online: https://www.umass.edu/sts/pdfs/SARS_AChrono.pdf (accessed on 2 February 2020)."
"27.
WHO. Consensus Document on the Epidemiology of Severe Acute Respiratory Syndrome (SARS). Available"
"online: https://www.who.int/csr/sars/en/WHOconsensus.pdf (accessed on 30 January 2020)."
