"Viruses 2020, 12, 194
12 of 16"
"“It’s more likely that the baby contracted the virus from the hospital environment, the same"
"way healthcare workers get infected by the patients they treat,”"
"“It’s quite possible that the baby picked it up very conventionally—by inhaling virus droplets"
"that came from the mother coughing.”"
"And according to Dr. Paul Hunter, Professor of Medicine at the University of East Anglia [79],"
"“As far as I am aware there is currently no evidence that
the novel coronavirus can be"
"transmitted in the womb. When a baby is born vaginally it is exposed to the mother’s gut"
"microbiome, therefore if a baby does get infected with coronavirus a few days after birth we"
"currently cannot tell if the baby was infected in the womb or during birth.”"
"14. Conclusions"
"There is limited knowledge regarding coronavirus infections that occur during pregnancy—what"
"is known has, for the most part, been the result of epidemics resulting from two diﬀerent diseases,"
"SARS and MERS. These previous experiences with coronavirus infections in pregnancy indicates that"
"these agents are capable of causing adverse clinical outcomes including life-threatening maternal"
"disease that in some cases requires hospitalization, intensive care and ventilatory support. Both of these"
"coronaviruses can result in maternal death in a small but signiﬁcant number of cases, but the speciﬁc"
"risk factors for a fatal outcome during pregnancy have not been clariﬁed. Coronaviruses can also"
"result in adverse outcomes for the fetus and infant including intrauterine growth restriction, preterm"
"delivery, admission to the ICU, spontaneous abortion and perinatal death. Unlike some viral infections,"
"notably Ebola virus [70] and Zika virus [80], the likelihood of intrauterine maternal-fetal transmission"
"of coronaviruses is low—there have been no documented cases of vertical transmission occurring with"
"either SARS or MERS. It remains to be seen during the current Wuhan 2019-nCoV epidemic how this"
"newly-emergent coronavirus aﬀects pregnant women and their infants, as well as which factors may"
"modulate obstetrical disease and outcomes including the timing of maternal coronavirus exposure by"
"gestational age, the eﬀects of medications or other treatment regimens, diﬀerences in host immune"
"responses, occurrence of coexisting medical and obstetrical conditions, and other covariables. However,"
"pregnant women should be considered to be at high risk for developing severe infection during this"
"current outbreak of 2019-nCoV. Additional clinical research on the treatment of SARS, MERS, and the"
"new coronavirus 2019-nCoV is necessary if we are to understand the potential risks and beneﬁts of"
"novel therapies and new vaccines in pregnancy. This research will be critical in improving the care,"
"and even saving the lives, of pregnant women in the current as well as future outbreaks."
"Funding: This research received no external funding."
"Conﬂicts of Interest: The authors declare no conﬂict of interest."
"References"
"Hui, D.S. Epidemic and emerging coronaviruses (severe acute respiratory syndrome and Middle East
1."
"respiratory syndrome). Clin. Chest Med. 2017, 38, 71–86.
[CrossRef] [PubMed]"
"2.
Song, Z.; Xu, Y.; Bao, L.; Zhang, L.; Yu, P.; Qu, Y.; Zhu, H.; Zhao, W.; Han, Y.; Qin, C. From SARS to MERS,"
"thrusting coronaviruses into the spotlight. Viruses 2019, 11, 59.
[CrossRef] [PubMed]"
"3.
Cui, J.; Li, F.; Shi, Z.L. Origin and evolution of pathogenic coronaviruses. Nat. Rev. Microbiol.
2019, 17,"
"181–192.
[CrossRef] [PubMed]"
"4.
ICTV 9th Report (2011). Coronaviridae. Available online: https://talk.ictvonline.org/ictv-reports/ictv_9th_"
"report/positive-sense-rna-viruses-2011/w/posrna_viruses/222/coronaviridae (accessed on 6 February 2020)."
"5.
Perlman, S. Another decade, another coronavirus. N. Engl.
J. Med. 2020.
[CrossRef] [PubMed]"
"6.
Hui, D.S.C.; Zumla, A. Severe acute respiratory syndrome: Historical, epidemiologic, and clinical features."
"Infect. Dis. Clin. N. Am. 2019, 33, 869–889.
[CrossRef] [PubMed]"
