"Viruses 2020, 12, 135
7 of 8"
"Ji, W.; Wang, W.; Zhao, X.; Zai, J.; Li, X. Homologous recombination within the spike glycoprotein of the
12."
"newly identiﬁed coronavirus may boost cross-species transmission from snake to human.
J. Med. Virol. 2020."
"[CrossRef] [PubMed]"
"13.
Robertson, D.; Jiang, X. nCoV’s Relationship to Bat Coronaviruses and Recombination Signals No Snakes."
"Available online: http://virological.org/t/ncovs-relationship-to-bat-coronaviruses-recombination-signals-no-"
"snakes/331 (accessed on 23 January 2020)."
"14.
Kan, B.; Wang, M.; Jing, H.; Xu, H.; Jiang, X.; Yan, M.; Liang, W.; Zheng, H.; Wan, K.; Liu, Q.; et al. Molecular"
"evolution analysis and geographic investigation of severe acute respiratory syndrome coronavirus-like virus"
"in palm civets at an animal market and on farms.
J. Virol. 2005, 79, 11892–11900.
[CrossRef] [PubMed]"
"15.
Lau, S.K.; Woo, P.C.; Li, K.S.; Huang, Y.; Tsoi, H.W.; Wong, B.H.; Wong, S.S.; Leung, S.Y.; Chan, K.H.; Yuen, K.Y."
"Severe acute respiratory syndrome coronavirus-like virus in Chinese horseshoe bats. Proc. Natl. Acad. Sci."
"USA 2005, 102, 14040–14045.
[CrossRef] [PubMed]"
"16.
Menachery, V.D.; Yount, B.L., Jr.; Debbink, K.; Agnihothram, S.; Gralinski, L.E.; Plante, J.A.; Graham, R.L.;"
"Scobey, T.; Ge, X.Y.; Donaldson, E.F.; et al. A SARS-like cluster of circulating bat coronaviruses shows"
"potential for human emergence. Nat. Med. 2015, 21, 1508–1513.
[CrossRef]"
"17.
Menachery, V.D.; Yount, B.L., Jr.; Sims, A.C.; Debbink, K.; Agnihothram, S.S.; Gralinski, L.E.; Graham, R.L.;"
"Scobey, T.; Plante, J.A.; Royal, S.R.; et al. SARS-like WIV1-CoV poised for human emergence. Proc. Natl."
"Acad. Sci. USA 2016, 113, 3048–3053.
[CrossRef]"
"18.
Wang, N.; Li, S.Y.; Yang, X.L.; Huang, H.M.; Zhang, Y.J.; Guo, H.; Luo, C.M.; Miller, M.; Zhu, G.; Chmura, A.A.;"
"et al. Serological Evidence of Bat SARS-Related Coronavirus Infection in Humans, China. Virol. Sin 2018, 33,"
"104–107.
[CrossRef]"
"19.
Anthony, S.J.; Gilardi, K.; Menachery, V.D.; Goldstein, T.; Ssebide, B.; Mbabazi, R.; Navarrete-Macias, I.;"
"Liang, E.; Wells, H.; Hicks, A.; et al. Further Evidence for Bats as the Evolutionary Source of Middle East"
"Respiratory Syndrome Coronavirus. mBio 2017, 8.
[CrossRef]"
"20.
Quan, P.L.; Firth, C.; Street, C.; Henriquez,
J.A.; Petrosov, A.; Tashmukhamedova, A.; Hutchison, S.K.;"
"Egholm, M.; Osinubi, M.O.; Niezgoda, M.; et al.
Identiﬁcation of a severe acute respiratory syndrome"
"coronavirus-like virus in a leaf-nosed bat in Nigeria. mBio 2010, 1.
[CrossRef]"
"21.
Azhar, E.I.; El-Kafrawy, S.A.; Farraj, S.A.; Hassan, A.M.; Al-Saeed, M.S.; Hashem, A.M.; Madani, T.A."
"Evidence for camel-to-human transmission of MERS coronavirus. N. Engl.
J. Med. 2014, 370, 2499–2505."
"[CrossRef]"
"22.
Fehr, A.R.; Channappanavar, R.; Perlman, S. Middle East Respiratory Syndrome: Emergence of a Pathogenic"
"Human Coronavirus. Annu. Rev. Med. 2017, 68, 387–399.
[CrossRef] [PubMed]"
"23.
Hung, I.F.N.; Cheng, V.C.C.; Wu, A.K.L.; Tang, B.S.F.; Chan, K.H.; Chu, C.M.; Wong, M.M.L.; Hui, W.T.;"
"Infect.
Poon, L.L.M.; Tse, D.M.W.; et al. Viral Loads in Clinical Specimens and SARS Manifestations. Emerg."
"Dis. 2004, 10, 1550–1557.
[CrossRef] [PubMed]"
"24.
Assiri, A.; Al-Tawﬁq, J.A.; Al-Rabeeah, A.A.; Al-Rabiah, F.A.; Al-Hajjar, S.; Al-Barrak, A.; Flemban, H.;"
"Al-Nassir, W.N.; Balkhy, H.H.; Al-Hakeem, R.F.;
et al.
Epidemiological, demographic,
and clinical"
"characteristics of 47 cases of Middle East respiratory syndrome coronavirus disease from Saudi Arabia: A"
"descriptive study. Lancet Infect. Dis. 2013, 13, 752–761.
[CrossRef]"
"25.
Rahman, A.; Sarkar, A. Risk Factors for Fatal Middle East Respiratory Syndrome Coronavirus Infections"
"in Saudi Arabia: Analysis of the WHO Line List, 2013–2018. Am.
J. Public Health 2019, 109, 1288–1293."
"[CrossRef]"
"26.
CIDRAP. SARS Severe Acute Respiratory Syndrome.
Available online:
http://www.cidrap.umn.edu/"
"infectious-disease-topics/sars (accessed on 20 January 2020)."
"CIDRAP. MERS-CoV. Available online: http://www.cidrap.umn.edu/infectious-disease-topics/mers-cov
27."
"(accessed on 20 January 2020)."
"28.
Rambaut, A. Preliminary Phylogenetic Analysis of 11 nCoV2019 Genomes, 2020-01-19. Available online: http:"
"//virological.org/t/preliminary-phylogenetic-analysis-of-11-ncov2019-genomes-2020-01-19/329 (accessed on"
"20 January 2020)."
"Bedford, T.; Neher, R. Genomic Epidemiology of Novel Coronavirus (nCoV) Using Data Generated by Fudan
29."
"University, China CDC, Chinese Academy of Medical Sciences, Chinese Academy of Sciences and the Thai"
"National Institute of Health Shared via GISAID. Available online: https://nextstrain.org/ncov (accessed on 20"
"January 2020)."
