"Return of the Coronavirus: 2019-nCoV"
"Return of the Coronavirus: 2019-nCoV"
"Lisa E. Gralinski 1 and Vineet D. Menachery 2,3,*"
"Lisa E. Gralinski 1 and Vineet D. Menachery 2,3,*"
"1  Department of Epidemiology, Gillings School of Global Public Health, University of North Carolina, 
1"
"Department of Epidemiology, Gillings School of Global Public Health, University of North Carolina, Chapel"
"Chapel Hill, NC 27514, USA; lgralins@email.unc.edu"
"Hill, NC 27514, USA; lgralins@email.unc.edu"
"2  Department of Microbiology and Immunology, University of Texas Medical Branch, Galveston, TX 77555, 
2"
"Department of Microbiology and Immunology, University of Texas Medical Branch, Galveston,"
"USA"
"TX 77555, USA"
"3 
Institute for Human Infections and Immunity, University of Texas Medical Branch, Galveston, TX 77555, 
3"
"Institute for Human Infections and Immunity, University of Texas Medical Branch, Galveston, TX 77555, USA"
"USA"
"*
Correspondence: Vimenach@utmb.edu"
"*  Correspondence: Vimenach@utmb.edu"
"(cid:1)(cid:2)(cid:3)(cid:1)(cid:4)(cid:5)(cid:6)(cid:7)(cid:8)(cid:1)"
"(cid:1)(cid:2)(cid:3)(cid:4)(cid:5)(cid:6)(cid:7)"
"Received: 21 January 2020; Accepted: 24 January 2020; Published: 24 January 2020 
Received: 21 January 2020; Accepted: 24 January 2020; Published: 24 January 2020"
"Abstract: The emergence of a novel coronavirus (2019-nCoV) has awakened the echoes of SARS-
Abstract: The emergence of a novel coronavirus (2019-nCoV) has awakened the echoes of SARS-CoV"
"from nearly two decades ago. Yet, with technological advances and important lessons gained from
CoV from nearly two decades ago. Yet, with technological advances and important lessons gained"
"previous outbreaks, perhaps the world is better equipped to deal with the most recent emergent
from  previous  outbreaks,  perhaps  the  world  is  better  equipped  to  deal  with  the  most  recent"
"emergent group 2B coronavirus. 
group 2B coronavirus."
"Keywords:
Keywords:  2019-nCoV;  novel  CoV;  Wuhan;  Wuhan  pneumonia;  coronavirus;  emerging  viruses; 
2019-nCoV; novel CoV; Wuhan; Wuhan pneumonia; coronavirus; emerging viruses;"
"SARS-CoV; MERS-CoV 
SARS-CoV; MERS-CoV"
