"Viruses 2020, 12, 135
8 of 8"
"Shi, Z.-L.; Zhou, P.; Yang, X.-L.; Wang, X.-G.; Hu, B.; Zhang, L.; Zhang, W.; Si, H.-R.; Zhu, Y.; Li, B.; et al.
30."
"Discovery of a novel coronavirus associated with the recent pneumonia outbreak in humans and its potential"
"bat origin. bioRxiv 2020.
[CrossRef]"
"31.
Menachery, V.D.; Graham, R.L.; Baric, R.S. Jumping species-a mechanism for coronavirus persistence and"
"survival. Curr. Opin. Virol. 2017, 23, 1–7.
[CrossRef]"
"32.
Becker, M.M.; Graham, R.L.; Donaldson, E.F.; Rockx, B.; Sims, A.C.; Sheahan, T.; Pickles, R.J.; Corti, D.;"
"Johnston, R.E.; Baric, R.S.; et al. Synthetic recombinant bat SARS-like coronavirus is infectious in cultured"
"cells and in mice. Proc. Natl. Acad. Sci. USA 2008, 105, 19944–19949.
[CrossRef]"
"33.
Li, W.; Sui, J.; Huang, I.C.; Kuhn, J.H.; Radoshitzky, S.R.; Marasco, W.A.; Choe, H.; Farzan, M. The S proteins"
"of human coronavirus NL63 and severe acute respiratory syndrome coronavirus bind overlapping regions of"
"ACE2. Virology 2007, 367, 367–374.
[CrossRef]"
"34.
Zeng, L.P.; Gao, Y.T.; Ge, X.Y.; Zhang, Q.; Peng, C.; Yang, X.L.; Tan, B.; Chen, J.; Chmura, A.A.; Daszak, P.;"
"et al. Bat Severe Acute Respiratory Syndrome-Like Coronavirus WIV1 Encodes an Extra Accessory Protein,"
"ORFX, Involved in Modulation of the Host Immune Response.
J. Virol. 2016, 90, 6573–6582.
[CrossRef]"
"35.
Xu, X.; Chen, P.; Wang, J.; Feng, J.; Zhou, H.; Li, X.; Zhong, W.; Hao, P. Evolution of the novel coronavirus"
"from the ongoing Wuhan outbreak and modeling of its spike protein for risk of human transmission. Sci."
"China Life Sci. 2020.
[CrossRef]"
"36.
Letko, M.C.; Munster, V. Functional assessment of cell entry and receptor usage for lineage B β-coronaviruses,"
"including 2019-nCoV. bioRxiv 2020.
[CrossRef]"
"37.
Rivers, T.M. Viruses and Koch’s Postulates.
J. Bacteriol. 1937, 33, 1–12.
[CrossRef] [PubMed]"
"38.
Roberts, A.; Deming, D.; Paddock, C.D.; Cheng, A.; Yount, B.; Vogel, L.; Herman, B.D.; Sheahan, T.; Heise, M.;"
"Genrich, G.L.; et al. A mouse-adapted SARS-coronavirus causes disease and mortality in BALB/c mice. PLoS"
"Pathog. 2007, 3, e5.
[CrossRef] [PubMed]"
"39.
McAuliﬀe,
J.; Vogel, L.; Roberts, A.; Fahle, G.; Fischer, S.; Shieh, W.J.; Butler, E.; Zaki, S.; St Claire, M.;"
"Murphy, B.; et al. Replication of SARS coronavirus administered into the respiratory tract of African Green,"
"rhesus and cynomolgus monkeys. Virology 2004, 330, 8–15.
[CrossRef] [PubMed]"
"40.
Kuiken, T.; Fouchier, R.A.; Schutten, M.; Rimmelzwaan, G.F.; van Amerongen, G.; van Riel, D.; Laman, J.D.;"
"de Jong, T.; van Doornum, G.; Lim, W.; et al. Newly discovered coronavirus as the primary cause of severe"
"acute respiratory syndrome. Lancet (Lond. Engl.) 2003, 362, 263–270.
[CrossRef]"
"41.
Van Doremalen, N.; Miazgowicz, K.L.; Milne-Price, S.; Bushmaker, T.; Robertson, S.; Scott, D.; Kinne, J.;"
"McLellan, J.S.; Zhu, J.; Munster, V.J. Host species restriction of Middle East respiratory syndrome coronavirus"
"through its receptor, dipeptidyl peptidase 4.
J. Virol. 2014, 88, 9220–9232.
[CrossRef]"
"42.
Cockrell, A.S.; Peck, K.M.; Yount, B.L.; Agnihothram, S.S.; Scobey, T.; Curnes, N.R.; Baric, R.S.; Heise, M.T."
"Mouse dipeptidyl peptidase 4 is not a functional receptor for Middle East respiratory syndrome coronavirus"
"infection.
J. Virol. 2014, 88, 5195–5199.
[CrossRef]"
"43.
De Wit, E.; Rasmussen, A.L.; Falzarano, D.; Bushmaker, T.; Feldmann, F.; Brining, D.L.; Fischer, E.R.;"
"Martellaro, C.; Okumura, A.; Chang, J.; et al. Middle East respiratory syndrome coronavirus (MERS-CoV)"
"causes transient lower respiratory tract infection in rhesus macaques. Proc. Natl. Acad. Sci. USA 2013, 110,"
"16598–16603.
[CrossRef]"
"44.
Wen, X. 15 Medical Staﬀ in Wuhan Conﬁrmed New Coronavirus Pneumonia, and Another Suspected."
"Available online: http://china.qianlong.com/2020/0121/3600877.shtml (accessed on 21 January 2020)."
"45.
Al-Tawﬁq, J.A.; Gautret, P. Asymptomatic Middle East Respiratory Syndrome Coronavirus (MERS-CoV)"
"infection: Extent and implications for infection control: A systematic review. Travel Med.
Infect. Dis. 2019, 27,"
"27–32.
[CrossRef]"
"Wong, G.; Liu, W.; Liu, Y.; Zhou, B.; Bi, Y.; Gao, G.F. MERS, SARS, and Ebola: The Role of Super-Spreaders in
46."
"Infectious Disease. Cell Host Microbe 2015, 18, 398–401.
[CrossRef]"
"47.
Park, D.; Huh, H.J.; Kim, Y.J.; Son, D.S.; Jeon, H.J.; Im, E.H.; Kim, J.W.; Lee, N.Y.; Kang, E.S.; Kang, C.I.; et al."
"Analysis of intrapatient heterogeneity uncovers the microevolution of Middle East respiratory syndrome"
"coronavirus. Cold Spring Harb. Mol. Case Stud. 2016, 2, a001214.
[CrossRef] [PubMed]"
