"","RESEARCH"
"","Clinical findings in a group of patients infected with the 2019"
"","novel coronavirus (SARS-Cov-2) outside of Wuhan, China:"
"retrospective case series",""
"","Xiao-Wei Xu,1 Xiao-Xin Wu,1 Xian-Gao Jiang,2 Kai-Jin Xu,1 Ling-Jun Ying,3 Chun-Lian Ma,4"
"","Shi-Bo Li,5 Hua-Ying Wang,6 Sheng Zhang,7 Hai-Nv Gao,8 Ji-Fang Sheng,1 Hong-Liu Cai,1"
"Yun-Qing Qiu,1 Lan-Juan Li1",""
"For numbered affiliations see 
ABSTRACT","were ever exposed to the Huanan seafood market,"
"end of the article.",""
"OBJECTIVE","the original source of the virus; all studied cases were"
"Correspondence to: L-J Li",""
"To study the clinical characteristics of patients in","infected by human to human transmission. The most"
"ljli@zju.edu.cn",""
"Zhejiang province, China, infected with the 2019","common symptoms at onset of illness were fever in 48"
"(ORCID 0000-0001-6945-0593)",""
"severe acute respiratory syndrome coronavirus 2","(77%) patients, cough in 50 (81%), expectoration in"
"Additional material is published",""
"(SARS-Cov-2) responsible for coronavirus disease 
online only. To view please visit","35 (56%), headache in 21 (34%), myalgia or fatigue in"
"the journal online.",""
"2019 (covid-2019).","32 (52%), diarrhoea in 3 (8%), and haemoptysis in 2"
"Cite this as: BMJ 2020;368:m606",""
"","(3%). Only two patients (3%) developed shortness of"
"DESIGN",""
"http://dx.doi.org/10.1136/bmj.m606",""
"","breath on admission. The median time from exposure"
"Retrospective case series.",""
"Accepted: 13 February 2020",""
"","to onset of illness was 4 days (interquartile range 3-5"
"SETTING",""
"","days), and from onset of symptoms to first hospital"
"Seven hospitals in Zhejiang province, China.",""
"","admission was 2 (1-4) days."
"PARTICIPANTS",""
"","CONCLUSION"
"62 patients admitted to hospital with laboratory",""
"","As of early February 2020, compared with patients"
"confirmed SARS-Cov-2 infection. Data were collected",""
"","initially infected with SARS-Cov-2 in Wuhan, the"
"from 10 January 2020 to 26 January 2020.",""
"","symptoms of patients in Zhejiang province are"
"MAIN OUTCOME MEASURES",""
"","relatively mild."
"Clinical data, collected using a standardised case",""
"report form, such as temperature, history of exposure,",""
"","Introduction"
"incubation period. If information was not clear, the",""
"","In December 2019 a group of patients with pneumonia"
"working group in Hangzhou contacted the doctor",""
"","of unknown cause were confirmed to be infected with"
"responsible for treating the patient for clarification.",""
"","a novel coronavirus, known as 2019-nCoV, in Wuhan,"
"RESULTS",""
"","Hubei province, China, which had previously not been"
"Of the 62 patients studied (median age 41 years), only",""
"","detected 
in  humans  or  animals.1  Epidemiological"
"one was admitted to an intensive care unit, and no",""
"","evidence  suggested  that  most  of  these  patients  had"
"patients died during the study. According to research,",""
"","visited  a  local  seafood  market  in  Wuhan2  and  that"
"none of the infected patients in Zhejiang province",""
"","the  gene  sequence  of  the  virus  obtained  from  these"
"","patients was highly similar to that identified in bats.3"
"WHAT IS ALREADY KNOWN ON THIS TOPIC","The  virus  was  subsequently  renamed  SARS-Cov-2  as"
"","it  is  similar  to  the  coronavirus  responsible  for  severe"
"As of 8 February 2020, coronavirus disease 2019 (covid-19) caused by the",""
"","acute respiratory syndrome (SARS-CoV), a member of"
"2019 severe acute respiratory syndrome coronavirus 2 (SARS-Cov-2) has been",""
"","the subgenus Sarbecovirus (Beta-CoV lineage B), with"
"responsible for more than 30 000 infections and 700 deaths globally, and the",""
"","which it shares more than 79% of its sequence, but it is"
"numbers are still increasing rapidly",""
"","more distant to the coronavirus responsible for Middle"
"The reported mortality from infection with SARS-Cov-2 in Wuhan, China reached",""
"","East  respiratory  syndrome  (MERS-CoV),  a  member  of"
"11-15%, which was inconsistent with what was observed outside of Hubei",""
"","the Merbecovirus subgenus (only 50% homology with"
"province",""
"","SARS-Cov-2).  All  these  viruses  are  categorised  within"
"The epidemiological and clinical characteristics of patients outside of Wuhan",""
"","the  same  genus  of  the  subfamily  Orthocoronavirinae"
"have not been described, especially in Zhejiang province, where by 8 February",""
"","within  the  family  Coronaviridae.4-7  Some  researchers"
"2020 more than 1000 people were diagnosed as having covid-19",""
"","have 
found  that  SARS-Cov-2  has  strong  affinity  to"
"","human  respiratory  receptors,8  suggesting  a  potential"
"WHAT THIS STUDY ADDS",""
"","threat to global public health."
"In patients infected with SARS-Cov-2 in Zhejiang province, the median time from",""
"","Initially,  the  first  confirmed  cases  were  nearly  all"
"exposure to onset of illness was 4 days (interquartile range 3-5 days) and from",""
"","related  to  the  Huanan  seafood  market  (closed  on  1"
"onset of symptoms to first hospital admission was 2 (1-4) days",""
"","January  2020)  and  were  concentrated 
in  Wuhan.9"
"The most common symptoms were fever, cough, expectoration, headache,",""
"","Coronavirus disease 2019 (covid-19) soon drew global"
"myalgia or fatigue, diarrhoea, and haemoptysis, and only two patients developed",""
"","attention  because  of  the  rapidly  increasing  numbers"
"shortness of breath on admission",""
"","of  new  cases.2  The  new  type  of  coronavirus  infection"
"At present, compared with the initial patients infected in Wuhan, the symptoms","was  believed  to  have  been  transmitted  from  animals,"
"of patients in Zhejiang province are relatively mild","and by January 2020 it was suspected that the initially"
