"one was admitted to an intensive care unit, and no",""
"","evidence  suggested  that  most  of  these  patients  had"
"patients died during the study. According to research,",""
"","visited  a  local  seafood  market  in  Wuhan2  and  that"
"none of the infected patients in Zhejiang province",""
"","the  gene  sequence  of  the  virus  obtained  from  these"
"","patients was highly similar to that identified in bats.3"
"WHAT IS ALREADY KNOWN ON THIS TOPIC","The  virus  was  subsequently  renamed  SARS-Cov-2  as"
"","it  is  similar  to  the  coronavirus  responsible  for  severe"
"As of 8 February 2020, coronavirus disease 2019 (covid-19) caused by the",""
"","acute respiratory syndrome (SARS-CoV), a member of"
"2019 severe acute respiratory syndrome coronavirus 2 (SARS-Cov-2) has been",""
"","the subgenus Sarbecovirus (Beta-CoV lineage B), with"
"responsible for more than 30 000 infections and 700 deaths globally, and the",""
"","which it shares more than 79% of its sequence, but it is"
"numbers are still increasing rapidly",""
"","more distant to the coronavirus responsible for Middle"
"The reported mortality from infection with SARS-Cov-2 in Wuhan, China reached",""
"","East  respiratory  syndrome  (MERS-CoV),  a  member  of"
"11-15%, which was inconsistent with what was observed outside of Hubei",""
"","the Merbecovirus subgenus (only 50% homology with"
"province",""
"","SARS-Cov-2).  All  these  viruses  are  categorised  within"
"The epidemiological and clinical characteristics of patients outside of Wuhan",""
"","the  same  genus  of  the  subfamily  Orthocoronavirinae"
"have not been described, especially in Zhejiang province, where by 8 February",""
"","within  the  family  Coronaviridae.4-7  Some  researchers"
"2020 more than 1000 people were diagnosed as having covid-19",""
"","have 
found  that  SARS-Cov-2  has  strong  affinity  to"
"","human  respiratory  receptors,8  suggesting  a  potential"
"WHAT THIS STUDY ADDS",""
"","threat to global public health."
"In patients infected with SARS-Cov-2 in Zhejiang province, the median time from",""
"","Initially,  the  first  confirmed  cases  were  nearly  all"
"exposure to onset of illness was 4 days (interquartile range 3-5 days) and from",""
"","related  to  the  Huanan  seafood  market  (closed  on  1"
"onset of symptoms to first hospital admission was 2 (1-4) days",""
"","January  2020)  and  were  concentrated 
in  Wuhan.9"
"The most common symptoms were fever, cough, expectoration, headache,",""
"","Coronavirus disease 2019 (covid-19) soon drew global"
"myalgia or fatigue, diarrhoea, and haemoptysis, and only two patients developed",""
"","attention  because  of  the  rapidly  increasing  numbers"
"shortness of breath on admission",""
"","of  new  cases.2  The  new  type  of  coronavirus  infection"
"At present, compared with the initial patients infected in Wuhan, the symptoms","was  believed  to  have  been  transmitted  from  animals,"
"of patients in Zhejiang province are relatively mild","and by January 2020 it was suspected that the initially"
