"","RESEARCH"
"","areas of consolidation or bilateral ground glass opacity"
"","(fig 1). Only one patient did not have pneumonia. Of the"
"","62  patients,  only  one  was  transferred  to  an  intensive"
"","care  unit 
for  acute 
respiratory  distress 
syndrome"
"","and  received  mechanical  ventilation  (table  3).  Fifty"
"","five  (89%)  patients  received  antiviral  treatment,  28"
"","(45%) were given empirical antibiotic treatment, and"
"","16  (26%)  were  given  systematic  corticosteroid  and"
"","gamma  globulin  treatment.  At  this  point,  one  (2%)"
"","patient had been discharged and no patients had died."
"","Fitness for discharge was based on abatement of fever"
"","for  at  least  three  days,  with  improved  evidence  on"
"","chest radiography and viral clearance in samples from"
"","the lower respiratory tract."
"","Discussion"
"","As  of  8  February  2020,  more  than  30 000  laboratory"
"","confirmed cases of infection with the novel coronavirus"
"","(SARS-Cov-19)  were reported  in  China.12  The  number"
"","of infections is increasing rapidly. It is possible that an"
"","even greater number of infected patients exist without"
"","a  diagnosis  because  their  symptoms  were  less  severe"
"","and  because  of  the  incubation  period.  Thousands  of"
"","patients  with  suspected  SARS-Cov-2  infection  could"
"","eventually receive a diagnosis. The clinical features of"
"","early cases of covid-19 in Wuhan were not the same as"
"","those  in  other  areas  of  China.  According  to  our  data,"
"Fig 1 | Transverse chest computed tomograms from a 32 year old man, showing ground","none of the infected patients in Zhejiang province had"
"glass opacity and consolidation of lower lobe of right lung near the pleura on day 1","been  exposed  to  the  Huanan  seafood  market,  and  as"
"after symptom onset (top panel), and bilateral ground glass opacity and consolidation",""
"","the number of familial clusters in infected patients in"
"on day 7 after symptom onset (bottom panel)",""
"","our study is large, this might suggest human to human"
"","transmission.  This  finding  is  also  consistent  with  a"
"Fifty  five  (89%)  patients  had  normal  serum  levels  of","investigations 
published  article.10  Further  detailed"
"procalcitonin  (<0.1  ng/mL).  Abnormalities  on  chest","should aim to ascertain the exact mode of transmission."
"computed  tomograms  or  radiographs  were  detected","Most of the infected individuals in Zhejiang province"
"among  all  of  the  patients  except  for  one.  Fifty  two","were  male  patients,  but  the  age  range  of  patients  is"
"(84%)  patients 
showed  bilateral 
involvement 
on","large  as  SARS-Cov-2  also  infected  children  and  those"
"chest  radiographs  (table  2).  Typical  chest  computed","older  than  65  years.9  13  No  major  differences  were"
"tomography findings of infected patients on admission","found between the initial clinical symptoms of patients"
"were  bilateral  or  multiple 
lobular  or  subsegmental","in  Zhejiang  province  and  those  in  Wuhan.  Most  of"
