"Pneumonia
61 (98)","33 (100)
28 (97)"
"Percentages do not total 100% owing to missing data.",""
"had  hypertension,  and  one  (2%)  each  had  chronic","diarrhoea (3, 8%), and haemoptysis (2, 3%). Only two"
"obstructive 
pulmonary 
disease, 
diabetes, 
renal","(3%)  patients  developed  shortness  of  breath.  Among"
"disease,  and  cerebrovascular  disease.  Twenty  one  of","the 33 patients who had symptoms for more than 10"
"the  62  patients  (34%)  were  associated  with  familial","days after illness onset, the median incubation period"
"clusters.","from exposure to symptoms was 3 days (interquartile"
"Of  the  33  patients  with  symptoms  for  more  than","range  3-4  days).  The  median 
time 
from  onset  of"
"10  days  after  illness  onset,  13  (39%)  had  underlying","symptoms to first hospital admission was 6.5 (5.0-9.0)"
"diseases:  four  (12%)  patients  had  liver  disease,  four","days. The most common symptoms at onset of illness"
"(12%)  had  hypertension,  and  one  each  had  chronic","were cough (27, 82%), fever (24, 73%), expectoration"
"obstructive  pulmonary  disease  (3%),  diabetes  (3%),","(19,  58%),  myalgia  or  fatigue  (19,  58%),  headache"
"and cerebrovascular disease (3%). Among 56 patients","(15,  45%),  diarrhoea  (3,  9%),  and  haemoptysis  (2,"
"who  could  provide  the  exact  date  of  close  contact","6%).  Only  one  (3%)  patient  developed  shortness  of"
"with  someone  with  confirmed  or  suspected  SARS-","breath."
"Cov-2  infection,  the  median  incubation  period  from","On  admission,  the  blood  counts  of  19  of  the  62"
"exposure to symptoms was 4 days (interquartile range","(31%)  patients  showed  leucopenia  (white  blood  cell"
"3-5  days).  The  median  time  from  onset  of  symptoms","count  <4×109/L)  and  26  (42%)  showed  lymphopenia"
"to first hospital admission was 2.0 (1.0-4.3) days. The","(lymphocyte count <1.0×109/L; table 2). The D-dimer"
"most  common  symptoms  at  illness  onset  were  fever","levels  were  within  normal  range  (median  0.2  mg/L"
"(48, 77%), cough (50, 81%), expectoration (35, 56%),","(interquartile range 0.2-0.5 mg/L). Levels of aspartate"
"headache  (21,  34%),  myalgia  or  fatigue  (32,  52%),","aminotransferase 
increased 
in  10 
(16%)  patients."
