"","RESEARCH"
"10 days and those with symptoms for less than 10 days.","and 2 (3%) were aged 65 years and older. The median"
"We summarised continuous variables as either means","age  was  41  years  (interquartile  range  32-52  years;"
"and standard deviations or medians with interquartile","table  1).  As  of  26  January  2020,  more  than  half  of"
"ranges.  For  categorical  variables,  we  calculated  the","the 62 patients (35, 56%) were men. No patients had"
"percentages of patients in each category. All analyses","a  history  of  exposure  to  the  Huanan  seafood  market"
"were done with SPSS software, version 22.0.","and  all  62  patients  had  been  exposed  to  individuals"
"","with  confirmed  SARS-Cov-2  infection.  Among  the  62"
"Patient and public involvement","patients, 23 (37%) resided in Wuhan and the remaining"
"This  was  a  retrospective  case  series  study  and  no","39 (63%) had made short term trips to Wuhan before"
"patients were involved in the study design, setting the","illness  onset.  Fifty  six  (90%)  patients  could  provide"
"research questions, or the outcome measures directly.","the  exact  date  of  close  contact  with  someone  with"
"No patients were asked to advise on interpretation or","confirmed or suspected SARS-Cov-2 infection."
"writing up of results.","Of the 33 patients with symptoms for more than 10"
"","days  after  illness  onset,  10  (30%)  were  aged  19-40"
"Results","years,  22  (67%)  were  aged  41-65  years,  and  1  (3%)"
"Epidemiological characteristics","was  older  than  65  years.  The  median  age  of  patients"
"By  26  January  2020,  clinical  data  were  collected  on","was 45 years (interquartile range 37-54 years; table 1)."
"62  patients 
in  Zhejiang  province  with 
laboratory",""
"confirmed  SARS-Cov-2  infection.  Twenty  five  (40%)","Clinical features"
"of the patients were aged 19-40 years, 33 (53%) were","Twenty  of 
the  62  patients 
(32%)  had  underlying"
"aged 41-65 years, 2 (3%) were aged 10 and 11 years,","diseases—seven  (11%)  had 
liver  disease,  five  (8%)"
