"the  patients  in  Zhejiang  province,  however,  had  mild","from Zhejiang province, it might be that more clinical"
"to  moderate  symptoms,  and  only  a  small  portion  of","features related to covid-19 will be identified. Thirdly,"
"them had dyspnoea. Only one patient developed acute","at  the  time  of  study  submission,  most  patients  had"
"respiratory distress syndrome and was admitted to an","not  been  discharged,  so  we  are  unable  to  estimate"
"intensive care unit. The laboratory test results showed","either the case fatality rate or the predictors of fatality."
"that the patients also experienced mild illness. There","Moreover,  the  time  since  illness  onset  in  some  of  our"
"were 
fewer  patients  with  abnormal  renal 
function","patients might be shorter than the observation period"
"and  lactate  dehydrogenase  and  procalcitonin  levels.","of  10  days,  which  could  result  in  biases  of  clinical"
"Through  media 
and 
national 
advocacy, 
patients","observation characteristics."
"with 
fever,  cough,  expectoration,  and  other  upper",""
"respiratory tract symptoms were asked to go to hospital","Conclusion"
"at  an  early  stage.  Even  those  who  had  contact  with","Compared  with  the  symptoms  of  the  initial  patients"
"other  patients,  or  patients  with  suspected  infection","with SARS-Cov-2 infection in Wuhan, those of patients"
"were asked to go to hospital. We also analysed patients","from  Zhejiang  province  in  our  study  were  relatively"
"with  symptoms  for  more  than  10  days  after  illness","mild. Currently, no effective drug treatment or vaccine"
"onset.  We  found  that  the  clinical  features  of  patients","exists. It is necessary for monitoring of the virus to be"
"with  symptoms  for  longer  than  10  days  in  Zhejiang","strengthened and drugs and vaccines to be developed"
"province  were  less  severe  than  those  of  the  primary","against SARS-Cov-2 infection as soon as possible."
"infected  patients  from  Wuhan.9  13  This  phenomenon",""
"","AUTHOR AFFILIATIONS"
"was  also  apparent  during  the  transmission  of  MERS-",""
"","1State Key Laboratory for Diagnosis and Treatment of Infectious"
"CoV. The global case mortality of MERS-CoV was about","Diseases, National Clinical Research Centre for Infectious Diseases,"
"","Collaborative Innovation Centre for Diagnosis and Treatment of"
"40%,  whereas  the  mortality  from  second  generation",""
"","Infectious Diseases, the First Affiliated Hospital, College of Medicine,"
"MERS-CoV was about 20%.14 15",""
"","Zhejiang University, Hangzhou, Zhejiang Province, 310003, China"
"Patients 
in 
the 
two 
cohorts 
received 
antiviral",""
"","2Department of Infectious Disease, Wenzhou Central Hospital,"
"treatment, but the types of drugs used varied between","Wenzhou, Zhejiang Province, China"
"patients. 
Treatment  with 
lopinavir 
and 
ritonavir","3Department of Infectious Disease, Taizhou Enze Medical Centre"
"","(Group), Enze Hospital, Taizhou, Zhejiang Province, China"
"were  reported 
to  have 
the  potential 
to 
treat  SARS",""
"","4Department of Infectious Disease, First People’s Hospital of"
"infections,16 and we suppose this treatment might be",""
"","Wenling, Wenling, Zhejiang Province, China"
"a beneficial part of the treatment for covid-19. The rate",""
"","5Department of Infectious Disease, Affiliated Zhoushan Hospital,"
"of antibiotic and corticosteroid use was different. Less",""
"","Wenzhou Medical University, Zhoushan, Zhejiang Province, China"
"than  half  the  patients  in  Zhejiang  province  received",""
"","6Department of Respiratory and Critical Care Medicine, Yinzhou"
"antibiotics. Whether the use of antivirals, antibiotics,","People’s Hospital, Affiliated Yinzhou Hospital, College of Medicine,"
"","Ningbo University, Ningbo City, Zhejiang Province, China"
"or  steroids  affects  the  prognosis  of  patients  remains",""
"","7Department of Infectious Disease, Taizhou Hospital, Taizhou,"
"unknown.",""
"","Zhejiang Province, China"
"Given 
that  most 
infections 
in  Zhejiang  province",""
"","8Department of Infectious Disease, ShuLan (Hangzhou) Hospital"
"were  in  patients  who  had  no  direct  contact  with  the","affiliated to Zhejiang Shuren University Shulan International Medical"
"original site of outbreak, our findings provide valuable","College, Hangzhou, Zhejiang Province, China"
"information 
in 
the  understanding  of 
the 
clinical","We thank Song-Jia Tang for assisting with English translation."
"features  of  covid-19,  as  the  number  of  people  with","Contributors: X-WX and X-XW contributed equally to this article."
"","XWX and LJL conceptualised the paper. XXW analysed the data, with"
"confirmed  disease  continues  to  increase  rapidly.  Our",""
"","input from JFS, KJX, XGJ, LJY, CLM, SBL, HYW, SZ, HNG, HLC, and YQQ."
"study population might represent most of the clinical","XWX and XXW wrote the initial draft with all authors providing critical"
"characteristics of infected patients since January 2020.","feedback and edits to subsequent revisions. All authors approved the"
"","final draft of the manuscript. L-LJ is the guarantor. The corresponding"
"Further containment proposals should be implemented",""
"","author attests that all listed authors meet authorship criteria and that"
"by the Chinese government, such as preventing people",""
"","no others meeting the criteria have been omitted."
"from  Wuhan  having  contact  with  those  elsewhere,",""
"","Funding: No funding."
"banning 
gatherings 
of  more 
than 
100 
people,",""
"","Competing interests: All authors have completed the ICMJE uniform"
"conducting  daily  public-wide  educational  campaigns","disclosure form at www.icmje.org/coi_disclosure.pdf and declare: no"
"","support from any organisation for the submitted work; no financial"
"on precautionary measures against exposure to SARS-",""
"","relationships with any organisations that might have an interest in the"
"Cov-2, encouraging people to cancel traditional family",""
"","submitted work in the previous three years; no other relationships or"
"gatherings such as during the Chinese lunar new year,","activities that could appear to have influenced the submitted work."
"and extending the Chinese lunar new year holiday to","Ethical approval: This study was approved by the Ethics Committee"
"","of the First Affiliated Hospital, Zhejiang University School of Medicine"
"prevent large scale spread.",""
"","(2020IIT A0001)."
"","Patient consent: Obtained."
"Limitations of this study",""
"","Data sharing: No additional data available."
"Our  study  has  several 
limitations.  Firstly,  only  62",""
"","Transparency: The lead authors and manuscript’s guarantor affirm"
"patients  were  included.  A  large  number  of  patients",""
"","that the manuscript is an honest, accurate, and transparent account of"
"were  continually  being  admitted  to  hospital  as  data","the study being reported; that no important aspects of the study have"
"","been omitted; and that any discrepancies from the study as planned"
"were  being  collected,  and 
thus  we  obtained  data",""
"","have been explained."
"on  most  but  not  all  of  the  patients  with  laboratory",""
"","Dissemination to participants and related patient and public"
"confirmed  infection  in  Zhejiang  province  during  the",""
"","communities: No study participants were involved in the preparation"
"study  period.  Secondly,  as 
the  patients  were  only","of this article. The results of the article will be summarised in media"
