"","RESEARCH"
"press releases from the Zhejiang University and presented at relevant","8  
Xu X, Chen P, Wang J, et al. Evolution of the novel coronavirus from"
"conferences.","the ongoing Wuhan outbreak and modeling of its spike protein for"
"","risk of human transmission. Sci China Life Sci 2020. doi:10.1007/"
"This is an Open Access article distributed in accordance with the",""
"","s11427-020-1637-5"
"Creative Commons Attribution Non Commercial (CC BY-NC 4.0) license,",""
"","Huang C, Wang Y, Li X, et al. Clinical features of patients infected with 
9"
"which permits others to distribute, remix, adapt, build upon this work",""
"","2019 novel coronavirus in Wuhan, China. Lancet 2020; published"
"non-commercially, and license their derivative works on different",""
"","online 24 January. doi:10.1016/S0140-6736(20)30183-5"
"terms, provided the original work is properly cited and the use is non-",""
"","10   Chan JF-W, Yuan S, Kok K-H, et al. A familial cluster of pneumonia"
"commercial. See: http://creativecommons.org/licenses/by-nc/4.0/.","associated with the 2019 novel coronavirus indicating person-"
"","to-person transmission: a study of a family cluster. Lancet 2020;"
"1  
WHO. Clinical management of severe acute respiratory infection","Published online January 24. doi:10.1016/S0140-6736(20)30154-9"
"when Novel coronavirus (nCoV) infection is suspected: interim","11   World Health Organization. Novel Coronavirus (2019-nCoV). Situation"
"guidance. Jan 11, 2020. https://www.who.int/publications-detail/","report-5. 25 January 2020. www.who.int/docs/default-source/"
"clinical-management-of-severe-acute-respiratory-infection-when-","coronaviruse/situation-reports/20200125-sitrep-5-2019-ncov."
"novel-coronavirus-(ncov)-infection-is-suspected.","pdf?sfvrsn=429b143d_4."
"2  
Lu H, Stratton CW, Tang YW. Outbreak of Pneumonia of Unknown","12   www.chinacdc.cn/jkzt/crb/zl/szkb_11803/jszl_11811/202001/"
"Etiology in Wuhan China: the Mystery and the Miracle. J Med","P020200127544648420736.pdf (In Chinese)."
"Virol 2020; published online 16 January. doi:10.1002/","13   Chen N, Zhou M, Dong X, et al. Epidemiological and clinical"
"jmv.25678","characteristics of 99 cases of 2019 novel coronavirus pneumonia in"
"Ji W, Wang W, Zhao X, Zai J, Li X. Homologous recombination within 
3","Wuhan, China: a descriptive study. Lancet 2020; published online 30"
"the spike glycoprotein of the newly identified coronavirus may boost","January. doi:10.1016/S0140-6736(20)30211-7"
"cross-species transmission from snake to human. J Med Virol 2020;","14   Kim KH, Tandi TE, Choi JW, Moon JM, Kim MS. Middle East respiratory"
"published online 22 January. doi:10.1002/jmv.25682","syndrome coronavirus (MERS-CoV) outbreak in South Korea, 2015:"
"4  
de Groot RJ, Baker SC, Baric RS, et al. Middle East respiratory","epidemiology, characteristics and public health implications. J Hosp"
"syndrome coronavirus (MERS-CoV): announcement of the","Infect 2017;95:207-13. doi:10.1016/j.jhin.2016.10.008"
"Coronavirus Study Group. J Virol 2013;87:7790-2. doi:10.1128/","15   WHO. Middle East respiratory syndrome coronavirus (MERS-CoV)."
"JVI.01244-13","https://www.who.int/emergencies/mers-cov/en/.(accessed Jan 27,"
"Zaki AM, van Boheemen S, Bestebroer TM, Osterhaus AD, Fouchier 
5","2020)"
"RA. Isolation of a novel coronavirus from a man with pneumonia","16   Chu CM, Cheng VC, Hung IF, et al, HKU/UCH SARS Study Group. Role"
"in Saudi Arabia. N Engl J Med 2012;367:1814-20. doi:10.1056/","of lopinavir/ritonavir in the treatment of SARS: initial virological"
"NEJMoa1211721","and clinical findings[published Online First: 2004/02/27]."
"6  
Lu R, Zhao X, Li J, et al. Genomic characterisation and epidemiology","Thorax 2004;59:252-6. doi:10.1136/thorax.2003.012658"
"of 2019 novel coronavirus: implications for virus origins and receptor",""
"binding. Lancet 2020; published online 30 January. doi:10.1016/",""
"S0140-6736(20)30251-8",""
"","Supplementary  information:  Description  of  clinical"
"WHO. Middle East respiratory syndrome coronavirus (MERS-CoV). 
7",""
"November, 2019. https://www.who.int/emergencies/mers-cov/en/","centres and cases enrolled in this study, and case report"
"(accessed Jan 19, 2020).","form"
