"","Table 4. SARS-CoV-derived linear B cell epitopes from S (23; 20 of which are located in subunit S2) and","","","","",""
"","N (22) proteins that are identical in SARS-CoV-2 (45 epitopes in total).","","","","",""
"Protein","Subunit","IEDB ID","Epitope","Protein","IEDB ID","Epitope"
"S","S2","10778","DVVNQNAQALNTLVKQL","N","15814","FFGMSRIGMEVTPSGTW"
"S","S2","11038","EAEVQIDRLITGRLQSL","N","21065","GLPNNTASWFTALTQHGK"
"S","S2","12426","EIDRLNEVAKNLNESLIDLQELGKYEQY","N","22855","GTTLPK"
"S","S2","14626","EVAKNLNESLIDLQELG","N","28371","IRQGTDYKHWPQIAQFA"
"S","S2","18515","GAALQIPFAMQMAYRFN","N","31116","KHIDAYKTFPPTEPKKDKKK"
"S","S1","18594","GAGICASY","N","31166","KHWPQIAQFAPSASAFF"
"S","S2","2092","AISSVLNDILSRLDKVE","N","75235","YNVTQAFGRRGPEQTQGNF"
"S","S2","22321","GSFCTQLN","N","33669","KTFPPTEPKKDKKKK"
"S","S2","27357","ILSRLDKVEAEVQIDRL","N","37640","LLPAAD"
"S","S1","30987","KGIYQTSN","N","38249","LNKHIDAYKTFPPTEPK"
"S","S2","3176","AMQMAYRF","N","38648","LPQGTTLPKG"
"S","S2","32508","KNHTSPDVDLGDISGIN","N","38657","LPQRQKKQ"
"S","S2","41177","MAYRFNGIGVTQNVLYE","N","48067","PKGFYAEGSRGGSQASSR"
"S","S2","462","AATKMSECVLGQSKRVD","N","50741","QFAPSASAFFGMSRIGM"
"S","S2","47479","PFAMQMAYRFNGIGVTQ","N","50965","QGTDYKHW"
"S","S2","50311","QALNTLVKQLSSNFGAI","N","51483","QLPQGTTLPKGFYAE"
"S","S2","51379","QLIRAAEIRASANLAAT","N","51484","QLPQGTTLPKGFYAEGSR"
"S","S1","52020","QQFGRD","N","51485","QLPQGTTLPKGFYAEGSRGGSQ"
"S","S2","53202","RASANLAATKMSECVLG","N","63729","TFPPTEPK"
"S","S2","54599","RLITGRLQSLQTYVTQQ","N","55683","RRPQGLPNNTASWFT"
"S","S2","558417","EIDRLNEVAKNLNESLIDLQELGKYEQY","N","60379","SQASSRSS"
"S","S2","59425","SLQTYVTQQLIRAAEIR","N","60669","SRGGSQASSRSSSRSR"
"S","S2","9094","DLGDISGINASVVNIQK","","",""
