"global accumulated population coverage.",""
"","Due to the promiscuous nature of binding between peptides and MHC alleles, multiple S and"
"N peptides were reported to bind to individual MHC alleles. Thus, while we list all the S and N",""
"epitopes that bind to each MHC allele (Table 3), the estimated maximum population coverage may be",""
"achieved by selecting at least one epitope for each listed MHC allele. Likewise, many individual S",""
"and N epitopes were found to be presented by multiple alleles and thereby estimated to have varying",""
"global population coverage (listed in Table S5).",""
"3.3. Mapping the SARS-CoV-Derived B cell Epitopes that Are Identical in SARS-CoV-2",""
"","Similar to T cell epitopes, we used in our study the SARS-CoV-derived B cell epitopes that have"
"","been experimentally-determined from positive B cell assays [29]. These epitopes were classiﬁed as:"
"(i) Linear B cell epitopes (antigenic peptides), and (ii) discontinuous B cell epitopes (conformational",""
"epitopes with resolved structural determinants).",""
"","We aligned the 298 linear B cell epitopes (Table 1) across the SARS-CoV-2 proteins and found that"
"49 epitope-sequences, all derived from structural proteins, have an identical match and comprised",""
"no mutation in the available SARS-CoV-2 protein sequences (as of 21 February 2020).","Interestingly, a"
"large number (45) of these were derived from either the S (23) or N (22) protein (Table 4), while the",""
"remaining (4) were from the M protein (Table S6).",""
