"Viruses 2020, 12, 254","3 of 15"
"of the GISAID data. These nucleotide sequences were aligned to the GenBank reference sequence",""
"(accession ID: NC_045512.2) and then translated into amino acid residues according to the coding",""
"sequence positions provided along the reference sequence for SARS-CoV-2 proteins (orf1a, orf1b, S,",""
"ORF3a, E, M, ORF6, ORF7a, ORF7b, ORF8, N, and ORF10). These sequences were aligned separately",""
"for each protein using the MAFFT multiple sequence alignment program [28]. Reference protein",""
"sequences for SARS-CoV and MERS-CoV were obtained following the same procedure from GenBank",""
"using the accession IDs NC_004718.3 and NC_019843.3, respectively.",""
"2.2. Acquisition and Filtering of Epitope Data",""
"","SARS-CoV-derived B cell and T cell epitopes were searched on the NIAID Virus Pathogen"
"Database and Analysis Resource (ViPR) (https://www.viprbrc.org/; accessed 21 February 2020) [29]",""
"","by querying for the virus species name: “Severe acute respiratory syndrome-related coronavirus”"
"from “human” hosts. We limited our search to include only the experimentally-determined epitopes",""
"that were associated with at least one positive assay:","(i) Positive B cell assays (e.g., enzyme-linked"
"immunosorbent assay (ELISA)-based qualitative binding) for B cell epitopes; and (ii) either positive",""
"T cell assays (such as enzyme-linked immune absorbent spot (ELISPOT) or intracellular cytokine",""
"staining (ICS) IFN-γ release), or positive major histocompatibility complex (MHC) binding assays for",""
"T cell epitopes. Strictly speaking, the latter set of epitopes, determined using positive MHC binding",""
"assays, are antigens which are candidate epitopes, since a T cell response has not been conﬁrmed",""
"experimentally. However, for brevity and to be consistent with the terminology used in the ViPR",""
"","database, we will not make this qualiﬁcation, and will simply refer to them as epitopes in this study."
"The number of B cell and T cell epitopes obtained from the database following the above procedure is",""
"listed in Table 1.",""
