"Viruses 2020, 12, 254
12 of 15"
"MHC Class II epitopes in [55], while here we analyzed the SARS-CoV-derived epitopes that have been"
"determined experimentally, using either positive T cell or MHC binding assays, and which match"
"identically with the available SARS-CoV-2 sequences (as of 21 February 2020). Thus, our identiﬁed"
"epitopes are seemingly a more rational set of potential targets that can assist in the ongoing search for"
"a SARS-CoV-2 vaccine."
"We acknowledge that this is a preliminary analysis based on the limited sequence data available"
"for SARS-CoV-2 (as of 21 February 2020). As the virus continues to evolve and as more data is collected,"
"it is expected that additional mutations will be observed. Such mutations will not aﬀect our analysis,"
"provided that they occur outside of the identiﬁed epitope regions.
If mutations do occur within epitope"
"regions, then these epitopes may be further screened in line with the conservative ﬁltering principle"
"that we have employed, thereby producing a more reﬁned epitope set."
"Further experimental studies (T cell and B cell assays) are required to determine the potential of"
"the identiﬁed epitopes to induce a positive immune response against SARS-CoV-2. This would help to"
"further reﬁne the reported epitope set, based on observed immunogenicity; an important consideration"
"for immunogen design."
"Overall, as the identiﬁed set of SARS-CoV epitopes map identically to SARS-CoV-2, they present"
"potentially useful candidates for guiding experimental eﬀorts towards developing vaccines against"
"SARS-CoV-2. More generally, our study further highlights the potential
importance of previous"
"experimental and clinical
studies of SARS-CoV, and its use in concert with emerging data for"
"SARS-CoV-2, in searching for eﬀective vaccines to combat the COVID-19 epidemic."
"Supplementary Materials: The following are available online at http://www.mdpi.com/1999-4915/12/3/254/s1,"
"Figure S1: Fraction of mutations in the observed sequences of the structural proteins of the three coronaviruses,"
"Figure S2: Location of identiﬁed T cell epitopes on the SARS-CoV S protein structure (PDB ID: 5XLR), Figure"
"S3: Pairwise sequence alignment of the reference sequences of the S proteins of SARS-CoV and SARS-CoV-2"
"(accession ID: NP_828851.1 and YP_009724390.1, respectively), Table S1: List of GISAID accession IDs for 120"
"genomic sequences of SARS-CoV-2, Table S2: List of all SARS-CoV-derived T cell epitopes determined using"
"positive MHC binding assays (with associated MHC allele information available at 4 digit resolution) and found"
"to be identical in SARS-CoV-2, Table S3: Distribution of all SARS-CoV-derived T cell epitopes obtained using"
"positive MHC binding assays (with associated MHC allele information available at 4 digit resolution) and that"
"are identical in SARS-CoV-2, Table S4: Set of SARS-CoV-derived S and N protein T cell epitopes (obtained using"
"positive MHC binding assays) that are identical in SARS-CoV-2 and that maximize estimated population coverage"
"in China (86 distinct epitopes), Table S5: Estimated global and Chinese population coverages for the individual"
"SARS-CoV-derived S or N protein T cell epitopes (obtained using positive MHC binding assays), that are identical"
"in SARS-CoV-2, Table S6: SARS-CoV-derived linear B cell epitopes, excluding those in S and N proteins, that are"
"identical in SARS-CoV-2, Table S7: Acknowledgment table."
"Author Contributions: Conceptualization:
S.F.A., A.A.Q., and M.R.M.; methodology:
S.F.A., A.A.Q., and"
"M.R.M.; software: S.F.A. and A.A.Q.; validation: S.F.A. and A.A.Q.; formal analysis: S.F.A., A.A.Q., and M.R.M.;"
"investigation:
S.F.A., A.A.Q., and M.R.M.; resources: M.R.M.; data curation:
S.F.A.; writing—original draft"
"preparation: S.F.A., A.A.Q., and M.R.M.; writing—review and editing: S.F.A., A.A.Q., and M.R.M.; visualization:"
"S.F.A. and A.A.Q.;
supervision: A.A.Q. and M.R.M.; project administration: A.A.Q. and M.R.M.;
funding"
"acquisition: M.R.M. All authors have read and agreed to the published version of the manuscript."
"Acknowledgments: We thank all the authors, the originating and submitting laboratories (listed in Table S7) for"
"their sequence and metadata shared through GISAID, on which this research is based. M.R.M. and A.A.Q. were"
"supported by the General Research Fund of the Hong Kong Research Grants Council (RGC) [Grant No. 16204519]."
"S.F.A. was supported by the Hong Kong Ph.D. Fellowship Scheme (HKPFS)."
"Conﬂicts of Interest: The authors declare no conﬂict of interest."
"References"
"1.
Wang, C.; Horby, P.W.; Hayden, F.G.; Gao, G.F. A novel coronavirus outbreak of global health concern. Lancet"
"2020, 395, 470–473.
[CrossRef]"
"Centers-of-Disease-Control-and-Prevention Conﬁrmed 2019-nCoV cases globally. Available online: https:
2."
"//www.cdc.gov/coronavirus/2019-ncov/locations-conﬁrmed-cases.html (accessed on 31 January 2020)."
