"TGRLQSLQTYVTQQL, WLGFIAGLIAIVMVT,","","","",""
"CVNFNFNGLTGTGVL, DKYFKNHTSPDVDLG,","","","",""
"IDAYKTFPPTEPKKD, MSRIGMEVTPSGTWL,","","","",""
"NKHIDAYKTFPPTEP, VLQLPQGTTLPKGFY","","","",""
"FPRGQGVPI","I","HLA-B*08:01","92.85","78.41"
"FPNITNLCPF, APHGVVFLHV, FPRGQGVPI,","","","",""
"","I","HLA-B*35:01","93.53","79.23"
"APSASAFFGM","","","",""
"LQIPFAMQM, RVDFCGKGY","I","HLA-B*15:01","94.18","82.26"
"FPNITNLCPF, APHGVVFLHV, FPRGQGVPI,","","","",""
"","I","HLA-B*51:01","94.72","83.73"
"APSASAFFGM","","","",""
"YEQYIKWPWY","I","HLA-B*18:01","95.23","83.88"
"GRLQSLQTY, RVDFCGKGY, VRFPNITNL","I","HLA-B*27:05","95.55","84"
"MTSCCSCLK, SLIDLQELGK, CMTSCCSCLK,","","","",""
"","I","HLA-A*33:01","95.79","85.28"
"VQIDRLITGR, SASAFFGMSR, SQASSRSSSR","","","",""
"LQIPFAMQM, RVDFCGKGY","I","HLA-B*58:01","95.99","86.45"
"LQIPFAMQM, RVDFCGKGY","I","HLA-C*15:02","96.17","87.22"
"VRFPNITNL","I","HLA-C*14:02","96.29","88.11"
"","1 Multiple SARS-CoV-derived epitopes that were determined using MHC binding assays are shown for each allele.","","",""
