"","from positive MHC binding assays) that are identical in SARS-CoV-2 and that maximize estimated","","",""
"","population coverage globally (87 distinct epitopes).","","",""
"","","","Global","Accumulated"
"","MHC Allele","","Accumulated","Population"
"Epitopes1","","MHC Allele","",""
"","Class","","Population","Coverage in China"
"","","","Coverage2 (%)","(%)"
"FIAGLIAIV, GLIAIVMVTI, IITTDNTFV,","","","",""
"ALNTLVKQL, LITGRLQSL, LLLQYGSFC,","","","",""
"LQYGSFCT, NLNESLIDL, RLDKVEAEV,","","","",""
"RLNEVAKNL, RLQSLQTYV, VLNDILSRL,","","","",""
"VVFLHVTYV, ILLNKHID, FPRGQGVPI,","I","HLA-A*02:01","39.08","14.62"
"LLLLDRLNQ, GMSRIGMEV, ILLNKHIDA,","","","",""
"ALNTPKDHI, LALLLLDRL, LLLDRLNQL,","","","",""
"LLLLDRLNQL, LQLPQGTTL, AQFAPSASA,","","","",""
"TTLPKGFYA, VLQLPQGTTL","","","",""
"GYQPYRVVVL, PYRVVVLSF, LSPRWYFYY","I","HLA-A*24:02","55.48","36.11"
"DSFKEELDKY, LIDLQELGKY, PYRVVVLSF,","","","",""
"","I","HLA-A*01:01","66.78","39.09"
"GTTLPKGFY, VTPSGTWLTY","","","",""
"GSFCTQLNR, GVVFLHVTY, AQALNTLVK,","","","",""
"MTSCCSCLK, ASANLAATK, SLIDLQELGK,","","","",""
"SVLNDILSR, TQNVLYENQK, CMTSCCSCLK,","","","",""
"VQIDRLITGR, KTFPPTEPK, KTFPPTEPKK,","I","HLA-A*03:01","76.14","41.68"
"LSPRWYFYY, ASAFFGMSR, ATEGALNTPK,","","","",""
"QLPQGTTLPK, QQQGQTVTK, QQQQGQTVTK,","","","",""
"SASAFFGMSR, SQASSRSSSR, TPSGTWLTY","","","",""
"GSFCTQLNR, GVVFLHVTY, AQALNTLVK,","","","",""
"MTSCCSCLK, ASANLAATK, SLIDLQELGK,","","","",""
"SVLNDILSR, TQNVLYENQK, CMTSCCSCLK,","","","",""
"VQIDRLITGR, KTFPPTEPK, KTFPPTEPKK,","I","HLA-A*11:01","83.39","73.43"
"LSPRWYFYY, ASAFFGMSR, ATEGALNTPK,","","","",""
"QLPQGTTLPK, QQQGQTVTK, QQQQGQTVTK,","","","",""
"SASAFFGMSR, SQASSRSSSR, TPSGTWLTY","","","",""
"GSFCTQLNR, GVVFLHVTY, AQALNTLVK,","","","",""
"MTSCCSCLK, ASANLAATK, SLIDLQELGK,","","","",""
"SVLNDILSR, TQNVLYENQK, CMTSCCSCLK,","","","",""
"VQIDRLITGR, KTFPPTEPK, KTFPPTEPKK,","I","HLA-A*68:01","85.71","74.25"
"LSPRWYFYY, ASAFFGMSR, ATEGALNTPK,","","","",""
"QLPQGTTLPK, QQQGQTVTK, QQQQGQTVTK,","","","",""
"SASAFFGMSR, SQASSRSSSR, TPSGTWLTY","","","",""
"GYQPYRVVVL, PYRVVVLSF, LSPRWYFYY","I","HLA-A*23:01","87.72","74.87"
"GSFCTQLNR, GVVFLHVTY, AQALNTLVK,","","","",""
"MTSCCSCLK, ASANLAATK, SLIDLQELGK,","","","",""
"SVLNDILSR, TQNVLYENQK, CMTSCCSCLK,","","","",""
"VQIDRLITGR, KTFPPTEPK, KTFPPTEPKK,","I","HLA-A*31:01","89.55","76.93"
"LSPRWYFYY, ASAFFGMSR, ATEGALNTPK,","","","",""
"QLPQGTTLPK, QQQGQTVTK, QQQQGQTVTK,","","","",""
"SASAFFGMSR, SQASSRSSSR, TPSGTWLTY","","","",""
"FPNITNLCPF, APHGVVFLHV, FPRGQGVPI,","","","",""
"","I","HLA-B*07:02","90.89","77.61"
"APSASAFFGM","","","",""
