"Viruses 2020, 12, 254
14 of 15"
"Peng, H.; Yang, L.-T.; Wang, L.-Y.; Li, J.; Huang, J.; Lu, Z.-Q.; Koup, R.A.; Bailer, R.T.; Wu, C.-Y. Long-lived
22."
"memory T lymphocyte responses against SARS coronavirus nucleocapsid protein in SARS-recovered patients."
"Virology 2006, 351, 466–475.
[CrossRef]"
"23.
Fan, Y.-Y.; Huang, Z.-T.; Li, L.; Wu, M.-H.; Yu, T.; Koup, R.A.; Bailer, R.T.; Wu, C.-Y. Characterization of"
"SARS-CoV-speciﬁc memory T cells from recovered individuals 4 years after infection. Arch. Virol. 2009, 154,"
"1093–1099.
[CrossRef]"
"24.
Ng, O.-W.; Chia, A.; Tan, A.T.; Jadi, R.S.; Leong, H.N.; Bertoletti, A.; Tan, Y.-J. Memory T cell responses"
"targeting the SARS coronavirus persist up to 11 years post-infection. Vaccine 2016, 34, 2008–2014.
[CrossRef]"
"25.
Liu, W.J.; Zhao, M.; Liu, K.; Xu, K.; Wong, G.; Tan, W.; Gao, G.F. T-cell immunity of SARS-CoV: Implications"
"for vaccine development against MERS-CoV. Antiviral Res. 2017, 137, 82–92.
[CrossRef]"
"26.
Li, C.K.-F.; Wu, H.; Yan, H.; Ma, S.; Wang, L.; Zhang, M.; Tang, X.; Temperton, N.J.; Weiss, R.A.; Brenchley, J.M.;"
"et al. T cell responses to whole SARS coronavirus in humans.
J. Immunol. 2008, 181, 5490–5500.
[CrossRef]"
"27.
Channappanavar, R.; Fett, C.; Zhao, J.; Meyerholz, D.K.; Perlman, S. Virus-speciﬁc memory CD8 T cells"
"J. Virol.
provide substantial protection from lethal severe acute respiratory syndrome coronavirus infection."
"2014, 88, 11034–11044.
[CrossRef] [PubMed]"
"28.
Katoh, K.; Standley, D.M. MAFFT multiple sequence alignment software version 7:
Improvements in"
"performance and usability. Mol. Biol. Evol. 2013, 30, 772–780.
[CrossRef] [PubMed]"
"29.
Pickett, B.E.; Sadat, E.L.; Zhang, Y.; Noronha, J.M.; Squires, R.B.; Hunt, V.; Liu, M.; Kumar, S.; Zaremba, S.;"
"Gu, Z.; et al. ViPR: An open bioinformatics database and analysis resource for virology research. Nucleic"
"Acids Res. 2012, 40, D593–D598.
[CrossRef] [PubMed]"
"30.
Vita, R.; Mahajan, S.; Overton, J.A.; Dhanda, S.K.; Martini, S.; Cantrell, J.R.; Wheeler, D.K.; Sette, A.; Peters, B."
"The immune epitope database (IEDB): 2018 update. Nucleic Acids Res. 2019, 47, D339–D343.
[CrossRef]"
"31.
Mirarab, S.; Nguyen, N.; Guo, S.; Wang, L.-S.; Kim, J.; Warnow, T. PASTA: Ultra-large multiple sequence"
"alignment for nucleotide and amino-acid sequences.
J. Comput. Biol. 2015, 22, 377–386.
[CrossRef]"
"32.
Huson, D.H.; Scornavacca, C. Dendroscope 3: An interactive tool for rooted phylogenetic trees and networks."
"Syst. Biol. 2012, 61, 1061–1067.
[CrossRef]"
"33.
Ahmed, S.F. Data and software code for
reproducing results of
this paper.
Available online:
https:"
"//github.com/faraz107/2019-nCoV-T-Cell-Vaccine-Candidates (accessed on 31 January 2020)."
"34.
Li, F. Structure of SARS coronavirus spike receptor-binding domain complexed with receptor. Science. 2005,"
"309, 1864–1868.
[CrossRef]"
"35.
Dahirel, V.; Shekhar, K.; Pereyra, F.; Miura, T.; Artyomov, M.; Talsania, S.; Allen, T.M.; Altfeld, M.;"
"Carrington, M.; Irvine, D.J.; et al. Coordinate linkage of HIV evolution reveals regions of immunological"
"vulnerability. Proc. Natl. Acad. Sci. 2011, 108, 11530–11535.
[CrossRef]"
"36.
Quadeer, A.A.; Louie, R.H.Y.; Shekhar, K.; Chakraborty, A.K.; Hsing, I.-M.; McKay, M.R. Statistical linkage"
"analysis of substitutions in patient-derived sequences of genotype 1a hepatitis C virus nonstructural protein"
"3 exposes targets for immunogen design.
J. Virol. 2014, 88, 7628–7644.
[CrossRef]"
"37.
Ahmed, S.F.; Quadeer, A.A.; Morales-Jimenez, D.; McKay, M.R. Sub-dominant principal components inform"
"new vaccine targets for HIV Gag. Bioinformatics 2019, 35, 3884–3889.
[CrossRef]"
"38.
Quadeer, A.A.; Morales-Jimenez, D.; McKay, M.R. Co-evolution networks of HIV/HCV are modular with"
"direct association to structure and function. PLOS Comput. Biol. 2018, 14, e1006409.
[CrossRef]"
"39.
Prabakaran, P.; Gan, J.; Feng, Y.; Zhu, Z.; Choudhry, V.; Xiao, X.; Ji, X.; Dimitrov, D.S. Structure of severe"
"J.
acute respiratory syndrome coronavirus receptor-binding domain complexed with neutralizing antibody."
"Biol. Chem. 2006, 281, 15829–15836.
[CrossRef] [PubMed]"
"40.
Zhu, Z.; Chakraborti, S.; He, Y.; Roberts, A.; Sheahan, T.; Xiao, X.; Hensley, L.E.; Prabakaran, P.; Rockx, B.;"
"Sidorov, I.A.; et al. Potent cross-reactive neutralization of SARS coronavirus isolates by human monoclonal"
"antibodies. Proc. Natl. Acad. Sci. 2007, 104, 12123–12128.
[CrossRef]"
"41.
Hwang, W.C.; Lin, Y.; Santelli, E.; Sui, J.; Jaroszewski, L.; Stec, B.; Farzan, M.; Marasco, W.A.; Liddington, R.C."
"Structural basis of neutralization by a human anti-severe acute respiratory syndrome spike protein antibody,"
"80R. J. Biol. Chem. 2006, 281, 34610–34616.
[CrossRef] [PubMed]"
"UniProt UniProtKB - P59594 (SPIKE_CVHSA). Available online: https://www.uniprot.org/uniprot/P59594
42."
"(accessed on 31 January 2020)."
"43.
Walls, A.C.; Park, Y.-J.; Tortorici, M.A.; Wall, A.; McGuire, A.T.; Veesler, D. Structure, function and antigenicity"
"of the SARS-CoV-2 spike glycoprotein. bioRxiv 2020, 2020.02.19.956581."
