"Viruses 2020, 12, 254
13 of 15"
"World-Health-Organization Statement on the second meeting of
the International Health Regulations
3."
"(2005) Emergency Committee
regarding the outbreak of novel
coronavirus
(2019-nCoV). Available"
"online:
https://www.who.int/news-room/detail/30-01-2020-statement-on-the-second-meeting-of-"
"the-international-health-regulations-(2005)-emergency-committee-regarding-the-outbreak-of-novel-"
"coronavirus-(2019-ncov) (accessed on 31 January 2020)."
"4.
World-Health-Organization Coronavirus disease (COVID-19) outbreak. Available online: https://www.who."
"int/emergencies/diseases/novel-coronavirus-2019 (accessed on 31 January 2020)."
"5.
World-Health-Organization Statement on the meeting of
the International Health Regulations
(2005)"
"Emergency Committee
regarding the outbreak of novel
coronavirus
(2019-nCoV). Available online:"
"https://www.who.int/news-room/detail/23-01-2020-statement-on-the-meeting-of-the-international-health-"
"regulations-(2005)-emergency-committee-regarding-the-outbreak-of-novel-coronavirus-(2019-ncov)"
"(accessed on 31 January 2020)."
"6.
Huang, C.; Wang, Y.; Li, X.; Ren, L.; Zhao, J.; Hu, Y.; Zhang, L.; Fan, G.; Xu, J.; Gu, X.; et al. Clinical features"
"of patients infected with 2019 novel coronavirus in Wuhan, China. Lancet 2020, 395, 497–506.
[CrossRef]"
"7.
Heymann, D.L. Data sharing and outbreaks: Best practice exempliﬁed. Lancet 2020, 395, 469–470.
[CrossRef]"
"8.
Liu, X.; Wang, X.-J. Potential inhibitors for 2019-nCoV coronavirus M protease from clinically approved"
"medicines. bioRxiv 2020, 2020.01.29.924100."
"9.
Zhou, P.; Yang, X.-L.; Wang, X.-G.; Hu, B.; Zhang, L.; Zhang, W.; Si, H.-R.; Zhu, Y.; Li, B.; Huang, C.-L.; et al."
"A pneumonia outbreak associated with a new coronavirus of probable bat origin. Nature 2020.
[CrossRef]"
"[PubMed]"
"10.
World-Health-Organization Update 49 - SARS case fatality ratio,
incubation period. Available online:"
"https://www.who.int/csr/sars/archive/2003_05_07a/en/ (accessed on 31 January 2020)."
"11.
World-Health-Organization Middle East respiratory syndrome coronavirus (MERS-CoV). Available online:"
"https://www.who.int/emergencies/mers-cov/en/ (accessed on 31 January 2020)."
"12.
Lu, R.; Zhao, X.; Li, J.; Niu, P.; Yang, B.; Wu, H.; Wang, W.; Song, H.; Huang, B.; Zhu, N.; et al. Genomic"
"characterisation and epidemiology of 2019 novel coronavirus:
Implications for virus origins and receptor"
"binding. Lancet 2020, 6736, 1–10.
[CrossRef]"
"13.
Letko, M.; Munster, V. Functional assessment of cell entry and receptor usage for lineage B β-coronaviruses,"
"including 2019-nCoV. bioRxiv 2020, 2020.01.22.915660."
"14.
Hoﬀmann, M.; Kleine-Weber, H.; Kruger, N.; Muller, M.; Drosten, C.; Pohlmann, S. The novel coronavirus"
"2019 (2019-nCoV) uses the SARS-coronavirus receptor ACE2 and the cellular protease TMPRSS2 for entry"
"into target cells. bioRxiv 2020, 2020.01.31.929042."
"15.
Yang, Z.-Y.; Kong, W.-P.; Huang, Y.; Roberts, A.; Murphy, B.R.; Subbarao, K.; Nabel, G.J. A DNA vaccine"
"induces SARS coronavirus neutralization and protective immunity in mice. Nature 2004, 428, 561–564."
"[CrossRef]"
"16.
Deming, D.; Sheahan, T.; Heise, M.; Yount, B.; Davis, N.; Sims, A.; Suthar, M.; Harkema, J.; Whitmore, A.;"
"Pickles, R.; et al. Vaccine eﬃcacy in senescent mice challenged with recombinant SARS-CoV bearing epidemic"
"and zoonotic spike variants. PLoS Med. 2006, 3, e525.
[CrossRef]"
"17.
Graham, R.L.; Becker, M.M.; Eckerle, L.D.; Bolles, M.; Denison, M.R.; Baric, R.S. A live, impaired-ﬁdelity"
"coronavirus vaccine protects in an aged, immunocompromised mouse model of lethal disease. Nat. Med."
"2012, 18, 1820–1826.
[CrossRef] [PubMed]"
"18.
Lin, Y.; Shen, X.; Yang, R.F.; Li, Y.X.; Ji, Y.Y.; He, Y.Y.; De Shi, M.; Lu, W.; Shi, T.L.; Wang, J.; et al.
Identiﬁcation"
"of an epitope of SARS-coronavirus nucleocapsid protein. Cell Res. 2003, 13, 141–145.
[CrossRef] [PubMed]"
"19.
Wang, J.; Wen, J.; Li, J.; Yin, J.; Zhu, Q.; Wang, H.; Yang, Y.; Qin, E.; You, B.; Li, W.; et al. Assessment"
"of immunoreactive synthetic peptides from the structural proteins of severe acute respiratory syndrome"
"coronavirus. Clin. Chem. 2003, 49, 1989–1996.
[CrossRef] [PubMed]"
"20.
Liu, X.; Shi, Y.; Li, P.; Li, L.; Yi, Y.; Ma, Q.; Cao, C. Proﬁle of antibodies to the nucleocapsid protein of the"
"severe acute respiratory syndrome (SARS)-associated coronavirus in probable SARS patients. Clin. Vaccine"
"Immunol. 2004, 11, 227–228.
[CrossRef] [PubMed]"
"Tang, F.; Quan, Y.; Xin, Z.-T.; Wrammert, J.; Ma, M.-J.; Lv, H.; Wang, T.-B.; Yang, H.; Richardus, J.H.; Liu, W.;
21."
"et al.
Lack of peripheral memory B cell responses in recovered patients with severe acute respiratory"
"syndrome: A six-year follow-up study.
J. Immunol. 2011, 186, 7264–7268.
[CrossRef]"
