"Viruses 2020, 12, 254","","","","6 of 15"
"","","Table 2. Cont.","",""
"Protein","IEDB ID","Epitope","MHC Allele1","MHC Allele Class 1"
"N","3957","AQFAPSASAFFGMSR","NA","II"
"N","3958","AQFAPSASAFFGMSRIGM","NA","NA"
"N","55683","RRPQGLPNNTASWFT","NA","I"
"N","74517","YKTFPPTEPKKDKKKK","NA","NA"
"","","","HLA-DRA*01:01,",""
"S","100048","GAALQIPFAMQMAYRF","","II"
"","","","HLA-DRB1*07:01",""
"S","100300","MAYRFNGIGVTQNVLY","HLA-DRB1*04:01","II"
"S","100428","QLIRAAEIRASANLAATK","HLA-DRB1*04:01","II"
"S","16156","FIAGLIAIV","HLA-A*02:01","I"
"S","2801","ALNTLVKQL","HLA-A*02:01","I"
"S","36724","LITGRLQSL","HLA-A2","I"
"S","44814","NLNESLIDL","HLA-A*02:01","I"
"S","50311","QALNTLVKQLSSNFGAI","HLA-DRB1*04:01","II"
"S","54680","RLNEVAKNL","HLA-A*02:01","I"
"S","69657","VLNDILSRL","HLA-A*02:01","I"
"S","71663","VVFLHVTYV","HLA-A*02:01","I"
"","","1 NA: Not available.","",""
