"on SARS-CoV Immunological Studies","",""
"Syed Faraz Ahmed 1,†",", Ahmed A. Quadeer 1,*,†
and Matthew R. McKay 1,2,*",""
"1","",""
"","","Department of Electronic and Computer Engineering, The Hong Kong University of Science and Technology,"
"","Hong Kong, China; sfahmed@connect.ust.hk",""
"2","",""
"","","Department of Chemical and Biological Engineering, The Hong Kong University of Science and Technology,"
"","Hong Kong, China",""
"*","Correspondence: eeaaquadeer@ust.hk.com (A.A.Q); m.mckay@ust.hk (M.R.M.)",""
"†","",""
"","These authors contributed equally to this work.",""
"","","(cid:1)(cid:2)(cid:3)(cid:1)(cid:4)(cid:5)(cid:6)(cid:7)(cid:8)(cid:1)"
