"","Hong Kong, China","",""
"*","Correspondence: eeaaquadeer@ust.hk.com (A.A.Q); m.mckay@ust.hk (M.R.M.)","",""
"†","","",""
"","These authors contributed equally to this work.","",""
"","","","(cid:1)(cid:2)(cid:3)(cid:1)(cid:4)(cid:5)(cid:6)(cid:7)(cid:8)(cid:1)"
"","","","(cid:1)(cid:2)(cid:3)(cid:4)(cid:5)(cid:6)(cid:7)"
"","Received: 9 February 2020; Accepted: 24 February 2020; Published: 25 February 2020","",""
"","Abstract: The beginning of 2020 has seen the emergence of COVID-19 outbreak caused by a novel","",""
"","coronavirus, Severe Acute Respiratory Syndrome Coronavirus 2 (SARS-CoV-2). There is an imminent","",""
"","need to better understand this new virus and to develop ways to control","its spread.","In this"
"","study, we sought to gain insights for vaccine design against SARS-CoV-2 by considering the high","",""
"","genetic similarity between SARS-CoV-2 and SARS-CoV, which caused the outbreak in 2003, and","",""
"","leveraging existing immunological studies of SARS-CoV. By screening the experimentally-determined","",""
"","SARS-CoV-derived B cell and T cell epitopes in the immunogenic structural proteins of SARS-CoV,","",""
"","we identiﬁed a set of B cell and T cell epitopes derived from the spike (S) and nucleocapsid (N)","",""
"","proteins that map identically to SARS-CoV-2 proteins. As no mutation has been observed in these","",""
"","identiﬁed epitopes among the 120 available SARS-CoV-2 sequences (as of 21 February 2020), immune","",""
"","targeting of these epitopes may potentially oﬀer protection against this novel virus. For the T cell","",""
"","epitopes, we performed a population coverage analysis of the associated MHC alleles and proposed a","",""
"","set of epitopes that is estimated to provide broad coverage globally, as well as in China. Our ﬁndings","",""
"","provide a screened set of epitopes that can help guide experimental eﬀorts towards the development","",""
"of vaccines against SARS-CoV-2.","","",""
"","Keywords: Coronavirus; 2019-nCoV; 2019 novel coronavirus; SARS-CoV-2; COVID-19; SARS-CoV;","",""
"MERS-CoV; T cell epitopes; B cell epitopes; vaccine","","",""
