"","Table 2. SARS-CoV-derived T cell epitopes obtained using positive T cell assays that are identical in","","",""
"","SARS-CoV-2 (27 epitopes in total).","","",""
"Protein","IEDB ID","Epitope","MHC Allele1","MHC Allele Class 1"
"N","125100","ILLNKHID","HLA-A*02:01","I"
"N","1295","AFFGMSRIGMEVTPSGTW","NA","NA"
"N","190494","MEVTPSGTWL","HLA-B*40:01","I"
"N","21347","GMSRIGMEV","HLA-A*02:01","I"
"N","27182","ILLNKHIDA","HLA-A*02:01","I"
"N","2802","ALNTPKDHI","HLA-A*02:01","I"
"N","28371","IRQGTDYKHWPQIAQFA","NA","NA"
"N","31166","KHWPQIAQFAPSASAFF","NA","NA"
"N","34851","LALLLLDRL","HLA-A*02:01","I"
"N","37473","LLLDRLNQL","HLA-A*02:01","I"
"N","37611","LLNKHIDAYKTFPPTEPK","NA","NA"
"N","38881","LQLPQGTTL","HLA-A*02:01","I"
