"Viruses 2020, 12, 254
15 of 15"
"Walls, A.C.; Xiong, X.; Park, Y.-J.; Tortorici, M.A.; Snijder, J.; Quispe, J.; Cameroni, E.; Gopal, R.; Dai, M.;
44."
"Lanzavecchia, A.; et al. Unexpected receptor functional mimicry elucidates activation of coronavirus fusion."
"Cell 2019, 176, 1026–1039.e15.
[CrossRef] [PubMed]"
"45.
Walls, A.C.; Tortorici, M.A.; Snijder, J.; Xiong, X.; Bosch, B.-J.; Rey, F.A.; Veesler, D. Tectonic conformational"
"changes of a coronavirus spike glycoprotein promote membrane fusion. Proc. Natl. Acad. Sci. 2017, 114,"
"11157–11162.
[CrossRef] [PubMed]"
"46.
Song, W.; Gui, M.; Wang, X.; Xiang, Y. Cryo-EM structure of the SARS coronavirus spike glycoprotein in"
"complex with its host cell receptor ACE2. PLOS Pathog. 2018, 14, e1007236.
[CrossRef]"
"47.
Wrapp, D.; Wang, N.; Corbett, K.S.; Goldsmith, J.A.; Hsieh, C.-L.; Abiona, O.; Graham, B.S.; McLellan, J.S."
"Cryo-EM structure of the 2019-nCoV spike in the prefusion conformation. Science. 2020, 2011, eabb2507."
"[CrossRef]"
"48.
Tian, X.; Li, C.; Huang, A.; Xia, S.; Lu, S.; Shi, Z.; Lu, L.; Jiang, S.; Yang, Z.; Wu, Y.; et al. Potent binding of"
"2019 novel coronavirus spike protein by a SARS coronavirus-speciﬁc human monoclonal antibody. Emerg."
"Microbes Infect. 2020, 9, 382–385.
[CrossRef]"
"49.
Ferguson, A.L.; Mann, J.K.; Omarjee, S.; Ndung’u, T.; Walker, B.D.; Chakraborty, A.K. Translating HIV"
"sequences into quantitative ﬁtness landscapes predicts viral vulnerabilities for rational immunogen design."
"Immunity 2013, 38, 606–617.
[CrossRef] [PubMed]"
"50.
Chakraborty, A.K.; Barton, J.P. Rational design of vaccine targets and strategies for HIV: A crossroad of"
"statistical physics, biology, and medicine. Reports Prog. Phys. 2017, 80, 032601.
[CrossRef] [PubMed]"
"51.
Quadeer, A.A.; Louie, R.H.Y.; McKay, M.R. Identifying immunologically-vulnerable regions of the HCV E2"
"glycoprotein and broadly neutralizing antibodies that target them. Nat. Commun. 2019, 10, 2073.
[CrossRef]"
"[PubMed]"
"52.
Louie, R.H.Y.; Kaczorowski, K.J.; Barton, J.P.; Chakraborty, A.K.; McKay, M.R. Fitness landscape of the human"
"immunodeﬁciency virus envelope protein that is targeted by antibodies. Proc. Natl. Acad. Sci. 2018, 115,"
"E564–E573.
[CrossRef]"
"53.
Quadeer, A.A.; Barton, J.P.; Chakraborty, A.K.; McKay, M.R. Deconvolving mutational patterns of poliovirus"
"outbreaks reveals its intrinsic ﬁtness landscape. Nat. Commun. 2020, 11, 377.
[CrossRef]"
"54.
Mann, J.K.; Barton, J.P.; Ferguson, A.L.; Omarjee, S.; Walker, B.D.; Chakraborty, A.; Ndung’u, T. The ﬁtness"
"landscape of HIV-1 Gag: Advanced modeling approaches and validation of model predictions by in vitro"
"testing. PLoS Comput. Biol. 2014, 10, e1003776.
[CrossRef]"
"55.
Ramaiah, A.; Arumugaswami, V. Insights into cross-species evolution of novel human coronavirus 2019-nCoV"
"and deﬁning immune determinants for vaccine development. bioRxiv 2020, 2020.01.29.925867."
