"Economist",""
"","  Just as signs that recent growth stabilisation and the US-China phase one deal"
"Louis Kuijs","might be about to put growth on a firmer footing, the novel coronavirus"
"","outbreak has overshadowed the near-term economic outlook. We now expect"
"Head of Asia Economics",""
"","GDP to grow 5.4% in 2020 (and by much less in Q1), compared with 6% forecast"
"+(852) 3974 8837",""
"","previously. And more serious and long-lasting impacts cannot be ruled out due"
"T","to possible changes in the behaviour of the virus, and the unanticipated"
"ommy Wu","consequences of government travel restrictions and business closures (given"
"Lead Economist","the fact that China is a much more connected economy nowadays)."
"+(852) 3974 8839",""
"","  Following a slowdown in 2018 and much of 2019, GDP growth stabilised at 6% y/y in"
"","Q4. Momentum in industrial value added, exports and investment all improved in Q4,"
"","while consumption growth slowed. Overall, 2019 GDP grew 6.1%, after 6.7% in 2018."
"Coronavirus",""
"","  However, the coronavirus outbreak will hit the Chinese economy in Q1. The economic"
"outbreak prompts us",""
"","impact of the outbreak is likely to be high, but short-lived, as during the 2003 SARS"
"to revise 2020 GDP",""
"","episode. But the scale of the outbreak and its impact is set to be worse than in the"
"growth forecast to",""
"","case of SARS, as the coronavirus is hitting more of China and its population. The"
"5.4%, down from 6%",""
"","inopportune timing of the outbreak which struck around Chinese New Year, increased"
"previously",""
"","transport and economic connectivity in general, reduced work weeks in Q1 and"
"","lockdown of affected regions have exacerbated the short-term economic disruption."
"","  The Chinese government has announced a reduction in tariffs on US goods that were"
"","imposed in September 2019. The tariff roll-back will be effective on 14 February. This"
"","move reciprocates a US commitment to reduce tariffs on Chinese goods brought by"
"","the phase one trade deal. We have been expecting this and taken this into account in"
"","our baseline forecast since January. But at a time when the economy is being"
"","battered by the coronavirus, it is ‘good news’ that could boost market sentiment."
