"disrupted in the near term. That said, we expect","","",""
"","China: Official PMI","",""
"policymakers to take some measures to support growth and","","",""
"","Index, 50=Neutral","",""
"facilitate an economic recovery down the road, as they have","","",""
"","54","",""
"a mandate for easier macro policy, if needed. Meanwhile,","","Raw material inventories",""
"lacklustre global trade will continue to challenge China’s","","",""
"","52","Finished goods inventories",""
"external outlook. We now look for GDP to grow 5.4% in","","",""
"2020, compared with our previous forecast of 6%. The main","","",""
"","50","",""
"factors affecting our short-term forecast are:","","",""
"","48","",""
"Domestic demand and production affected by 
•","","",""
"coronavirus outbreak: the economic impact is likely to","46","",""
"be high, but short-lived, as during the 2003 SARS","","",""
"","44","",""
"episode. But the scale of the outbreak and its impact is","","",""
"","2011
2013","2015
2017","2019"
"set to be worse than in the case of SARS, as the","","",""
"","Source: Oxford Economics, CEIC Data, Markit, Caixin","",""
"coronavirus is hitting more of China and its population.","","",""
"Moreover, the inopportune timing of the outbreak which","","",""
"struck around Chinese New Year, increased transport","","",""
"and economic connectivity, reduced work weeks and","China: Interest rates","",""
"","%","",""
"lockdown of affected regions all add to the impact. We","","",""
"","6.0","",""
"expect the economic impact to be mainly felt in Q1,","1 year benchmark","",""
"","lending rate","",""
"followed by a rebound in subsequent quarters. But a","5.0","",""
"more serious and long-lasting impact cannot be ruled out.","","",""
"","4.0","",""
"","","","Loan prime rate"
"","","MLF rate",""
"Policy easing when needed: the Central Economic 
•","","",""
"","3.0","",""
"Work Conference in December stressed that growth will","","",""
"be a key priority in 2020 and that it needs to be kept in “a","2.0","7 day repo rate",""
"","","(10-day mov avg)",""
"reasonable range”. But it also called for “stability”. We","","",""
"","1.0","",""
"expect policy support targeting sectors and regions most","","",""
"affected by the coronavirus. We also expect","","",""
"","0.0","",""
"","2015
2016
2017","2018
2019","2020"
"policymakers to take some measures to support the","","",""
"","Source : Oxford Economics/Haver Analytics","",""
"broader economy and facilitate an economic recovery,","","",""
"especially once the virus outbreak is under control.","","",""
