"","","Forecast for Italy","","","","",""
"Politics will be again","","","","","","",""
"","","(Annual percentage changes unless specified)","","","","",""
"an important factor","","","","","","",""
"","","2018","2019","2020","2021","2022","2023"
"to watch over the","Domestic Demand","1.0","-0.1","0.3","0.6","0.7","0.7"
"","Private Consumption","0.8","0.5","0.4","0.5","0.6","0.6"
"next few quarters","","","","","","",""
"","Fixed Investment","3.0","2.3","0.0","0.7","0.8","0.8"
"","Stockbuilding (% of GDP)","0.5","-0.4","-0.3","-0.3","-0.2","-0.1"
"","Government Consumption","0.4","0.4","0.1","0.3","0.3","0.3"
"","Exports of Goods and Services","1.3","1.7","1.1","1.7","1.8","1.8"
"","Imports of Goods and Services","2.4","0.9","2.1","2.0","1.9","1.8"
"","GDP","0.7","0.2","0.0","0.5","0.7","0.7"
"","Industrial Production","0.5","-1.2","-0.5","1.2","0.7","0.4"
"","Consumer Prices, average","1.1","0.6","0.7","1.0","1.3","1.5"
"","Current Balance (% of GDP)","2.6","2.9","3.0","2.5","2.5","2.4"
"","Government Budget (% of GDP)","-2.2","-2.2","-2.5","-2.1","-1.9","-1.8"
"","Short-Term Interest Rates (%)","-0.32","-0.36","-0.39","-0.39","-0.28","-0.01"
"","Long-Term Interest Rates (%)","2.61","1.95","1.23","1.75","2.29","2.71"
"","Exchange Rate (US$ per euro), average","1.18","1.12","1.09","1.11","1.15","1.18"
"","Exchange Rate (£ per euro), average","0.885","0.877","0.827","0.828","0.837","0.846"
