"household spending growth of 1.3% in 2020, same as in","","",""
"","Eurozone fixed investment","",""
"2019, with a similar outturn seen in 2021.","annual y/y in %","",""
"","Eurozone","Eurozone excluding Ireland",""
"","10","",""
"•  Weaker investment in 2020: investment was stronger","8","",""
"than expected in 2019, but this partly reflects huge","","",""
"","6","",""
"swings in investment data in Ireland, which are causing","","",""
"","4","",""
"large volatility in investment figures. The outlook remains","","",""
"","2","",""
"challenging, reflecting a deterioration in business","","",""
"","0","",""
"sentiment and orders as well as a weak global outlook.","","",""
"On the positive side, credit conditions remain supportive","-2","",""
"for investment, with loans to corporates still expanding at","","",""
"","-4","",""
"a robust pace. Activity in construction remains solid,","","",""
"","-6","",""
"although we expect its contribution to growth to","2011 Q1
2013 Q1","2015 Q1
2017 Q1","2019 Q1"
"","Source: Oxford Economics/Haver Analytics","",""
"moderate. We now see capital spending expanding just","","",""
"0.3% in 2020 (down from an estimated 5.8% in 2019),","","",""
"mostly as a result of negative base effects but also","","",""
"impacted by increased uncertainty, which will be","","",""
"heightened due to the coronavirus outbreak.","","",""
"","","Eurozone: Contributions to GDP growth",""
"","% year","","Forecast"
"Export outlook remains weak: eurozone exports 
•","3","",""
"continue to suffer from the negative global trade","","",""
"","2","",""
"environment, with fears of a full-blown trade war affecting","","",""
"sentiment and orders. In addition, troubles in the car","","",""
"","1","",""
"industry have exacerbated the impact in many countries,","","",""
"","0","",""
"especially Germany. Although we expect these to fade","","",""
"gradually, the outlook remains challenging for European","","Net exports",""
"","-1","",""
"","","Stockbuilding",""
"exporters given that global trade growth is now at its","","",""
"","","Government spending",""
"slowest in almost a decade and trade tensions are likely","-2","Investment",""
"","","Consumption",""
"to persist. Therefore, we expect exports to expand just","","",""
"","","GDP",""
"","-3","",""
"0.9% in 2020, down from an estimated 2.4% in 2019 and","","",""
"","","2010 2011 2012 2013 2014 2015 2016 2017 2018 2019 2020",""
"the weakest pace since the global financial crisis.","Source: Oxford Economics","",""
