"struck around Chinese New Year, increased transport","","","",""
"and economic connectivity, reduced work weeks and","China: Interest rates","","",""
"","%","","",""
"lockdown of affected regions all add to the impact. We","","","",""
"","6.0","","",""
"expect the economic impact to be mainly felt in Q1,","1 year benchmark","","",""
"","lending rate","","",""
"followed by a rebound in subsequent quarters. But a","5.0","","",""
"more serious and long-lasting impact cannot be ruled out.","","","",""
"","4.0","","",""
"","","","","Loan prime rate"
"","","MLF rate","",""
"Policy easing when needed: the Central Economic","","","",""
"","3.0","","",""
"Work Conference in December stressed that growth will","","","",""
"be a key priority in 2020 and that it needs to be kept in “a","2.0","7 day repo rate","",""
"","","(10-day mov avg)","",""
"reasonable range”. But it also called for “stability”. We","","","",""
"","1.0","","",""
"expect policy support targeting sectors and regions most","","","",""
"affected by the coronavirus. We also expect","","","",""
"","0.0","","",""
"","2015
2016
2017","2018","2019","2020"
"policymakers to take some measures to support the","","","",""
