"high proportion of tourist arrivals originating from China, we","","",""
"have slashed the 2020 growth forecast to 2.0% from 2.7%.","","",""
"","EM manufacturing activity","",""
"Vietnam and Singapore will also suffer amid supply-side","Latest manufacturing PMI vs three-month change (points)","",""
"","4.5","",""
"disruptions emanating from China and travel bans. In","","",""
"","","India",""
"contrast, we expect the hit to GDP in Indonesia to be","","",""
"","3.5","",""
"contained, at just 0.1%, as its GDP relies less on tourism.","Russia","",""
"","2.5","",""
"","Turkey
Czech  Rep.","",""
"","1.5
Indonesia","",""
"Loosening of monetary policy within the region and proactive","3-month change
Poland","",""
"","Thailand
Mexico","",""
"","0.5
Global","",""
"boosts to fiscal spending should offer support to domestic","EM","",""
"","Vietnam","",""
"","-0.5","",""
"demand and partially stymie the impact from the virus","","",""
"","Malaysia
China","",""
"outbreak.  Policy rates have already been cut in Thailand,","-1.5","",""
"Malaysia and Philippines by 25bp each this year, with a","","",""
"","Brazil","",""
"","-2.5","",""
"further cut now expected in Indonesia in Q1 2020. In","","Saudi Arabia",""
"","-3.5","",""
"addition, Singapore, Indonesia and Philippines are also","45
46
47
48
49
50
51
52
53","54
55","56"
"","January-20","",""
