"Economist",""
"","  GDP growth slowed to just 0.1% q/q in Q4 amid an unexpected contraction in"
"Ángel Talavera","both France and Italy. Combined with the likely impact that the Wuhan"
"","coronavirus will have on supply chains across the world in Q1, this means 2020"
"Head of Europe Economics",""
"","will see weaker growth than previously expected. We have cut our growth"
"+44 (0)20 3910 8014",""
"","forecast to 0.8% for 2020 (from 1.0% last month) before a pick-up to 1.3% in"
"","2021."
"","  The eurozone economy expanded a weak 0.1% over the previous quarter in Q4, the"
"Economic growth",""
"","slowest pace in six years. While there is no detailed breakdown by components yet,"
"was a disappointing",""
"","we anticipate domestic demand was weak in Q4 whereas the contribution from net"
"0.1% q/q in Q4…",""
"","trade was probably positive."
"","  Although available sentiment indicators improved at the start of this year, they are not"
"","yet reflecting the likely impact that the coronavirus will have on the Chinese and global"
"","economies. Both the PMI and the Economic Sentiment Indicators rose in January,"
"","suggesting that the manufacturing sector continues to bottom out, but the impact of"
"","this crisis may derail the fragile recovery."
"","  The shock comes at a time of already-high uncertainty, so we expect the global"
"","environment to remain adverse this year. Domestically, employment growth has"
"","slowed substantially, a trend we expect to continue over the next few quarters given"
"","subdued forward-looking employment intentions."
"","  Inflation ticked up to 1.4% in January, the highest in nine months, driven by higher"
"","energy prices, but core inflation fell back again to 1.1%. We still expect inflation"
"","pressures to remain muted this year and core inflation to continue to hover around its"
"","current level."
