"","","Forecast for France","","","","",""
"…so we have cut","","(Annual percentage changes unless specified)","","","","",""
"","","2018","2019","2020","2021","2022","2023"
"our 2020 GDP","","","","","","",""
"","Domestic Demand","1.0","1.4","1.1","1.5","1.5","1.4"
"growth forecast","","","","","","",""
"","Private Consumption","0.9","1.2","1.3","1.3","1.2","1.2"
"by 0.3pp to 0.9%","Fixed Investment","2.8","3.6","2.0","1.9","1.8","1.6"
"","Stockbuilding (% of GDP)","0.7","0.3","-0.1","0.0","0.1","0.3"
"","Government Consumption","0.8","1.3","1.4","1.3","1.3","1.3"
"","Exports of Goods and Services","3.5","1.8","0.4","2.1","2.9","3.3"
"","Imports of Goods and Services","1.2","2.3","1.1","2.2","2.5","2.6"
"","GDP","1.7","1.2","0.9","1.5","1.6","1.6"
"","Industrial Production","0.2","0.5","0.6","1.2","1.3","1.2"
"","Consumer Prices, average","1.9","1.1","1.2","1.4","1.5","1.6"
"","Current Balance (% of GDP)","-0.7","-0.8","-0.6","-0.4","-0.3","-0.2"
"","Government Budget (% of GDP)","-2.5","-3.1","-2.4","-2.1","-1.9","-1.7"
"","Short-Term Interest Rates (%)","-0.3","-0.4","-0.4","-0.4","-0.3","0.0"
"","Long-Term Interest Rates (%)","0.8","0.1","0.0","0.4","0.7","1.1"
"","Exchange Rate (US$ per Euro), average","1.18","1.12","1.09","1.11","1.15","1.18"
"","Exchange Rate (£ per Euro), average","0.88","0.88","0.83","0.83","0.84","0.85"
