"forecast:","",""
"•  A slowdown in employment growth: although the","Eurozone: Employment & emp. intentions",""
"","Percent balance","y/y in %"
"labour market has been one of the brightest spots for the","",""
"","15","2.5"
"battered eurozone economy, the pace of job creation is","",""
"","","2.0"
"","10",""
"cooling. Employment growth slowed to 0.1% quarterly","",""
"","","1.5"
"expansion in Q3 while unemployment fell by only 90,000","5",""
"","","1.0"
"overall compared with an average of 270,000 in H1 2019.","0",""
"","","0.5"
"As a result, the unemployment rate seems close to","",""
"","-5","0.0"
"bottoming out, suggesting that the labour market may","",""
"","","-0.5"
"","-10",""
"have reached a cyclical peak. Moreover, as labour","",""
"","","-1.0"
"","EC survey of employment",""
"","-15",""
"markets typically lag real activity, we expect employment","intentions (LHS)","-1.5"
"","Employment (RHS)
-20",""
"growth to remain weak over the next few quarters in line","","-2.0"
"with the slowdown in activity and subdued forward-","-25","-2.5"
"","2004
2006
2008
2010
2012
2014
2016
2018",""
"looking employment intentions. Finally, more pessimistic","",""
"","Source: Oxford Economics/Haver Analytics",""
"consumers are raising their savings, so gains in","",""
"disposable income from higher real personal incomes are","",""
"not translating fully into consumption. We forecast","",""
