"Economist",""
"","  GDP unexpectedly contracted in Q4, falling by 0.1% q/q, in marked contrast with"
"Daniela Ordonez","the positive signals from surveys. This means that the French economy is"
"","starting 2020 from a lower base than expected and raises fears that it has"
"Chief French Economist",""
"","entered a period of weakness after impressive resilience. Moreover, the rapid"
"+33 (0)1 78 91 50 55",""
"","spread of the coronavirus outbreak has injected a new degree of uncertainty"
"","that will hamper activity. We now see GDP growth of 0.9% in 2020 (0.3pp lower"
"","than last month) after 1.2% in 2019, before a pick-up to 1.5% in 2021."
"","  Falling inventories (which cut 0.4pp from GDP growth) were the major drag on Q4"
"Q4 GDP decline and",""
"","growth, while the lengthy pension-related strikes also weighed on household"
"coronavirus impact",""
"","spending. These are one-off factors that will reverse, but more worryingly the other"
"on global economy",""
"","components of GDP fared no better. Exports fell for the third quarter in a row, though"
"will dampen the",""
"","falling imports meant net trade had a neutral impact. Investment slowed sharply and"
"near-term outlook…",""
"","industrial production posted another terrible quarter, falling 0.6% q/q in Q4. Industrial"
"","output is now 5% below last May’s peak and is now at levels last seen in 2016."
"","  Surveys were positive in early-2020. Consumer confidence rebounded in January"
"","after the December turnaround. And although the PMI suggested that the strikes"
"","continued to limit activity in the service sector in January, prospects are more positive"
"","and manufacturing activity continued to edge up. Moreover, the number of job seekers"
"","again fell markedly in Q4 and private employment grew solidly despite the negative"
"","GDP figure, showing that the labour market continues to improve."
"","  However, the outbreak and rapid spread of coronavirus will dent the short-term"
"","outlook as its impact on sentiment caps the recovery in global demand and makes"
"","companies delay investment plans further."
