"Healthy fundamentals, but risks on the horizon",""
"As momentum eases, the economy must navigate key risks:",""
"•","Coronavirus outbreak: we anticipate lower growth in Q1"
"","and Q2, with a drag on GDP growth around 0.15ppt in"
"","2020 just as economic momentum is cooling due to the"
"","maturing labor market and still-cautious businesses."
"•","A cooling labor market: we expect job growth to return"
"","to an easing trend due to a gradually softening economy"
"","and lingering global headwinds. We see a maturing labor"
"","market adding around 140,000 jobs a month by mid-"
"","2020."
