"(after an estimated 0.9% in 2019) and 1.0% in 2021.","",""
"","Japan: Monthly consumption indicators",""
"","Index,  2015=100  (seasonally adjusted)",""
"•  Consumption outlook remains very subdued: the","",""
"","115",""
"consumption tax hike in October 2019 dampened private","",""
"consumption, leading to sharp drops in retail sales and","",""
"","Consumption activity index (adj. travel)
110",""
"sales of durable goods, such as cars. The fall was likely","Real retail sales (deflated using CPI)",""
"amplified by weather-related disruption, so we expect","105",""
"consumption to regain some ground in subsequent","",""
"months, helped by government efforts to extend","100",""
"offsetting policy measures to support household","",""
"","95",""
"spending. But against a background of disappointing","",""
"wage growth and low consumer confidence, the overall","",""
"","90",""
"consumption outlook remains subdued at best and the","",""
"","2012
2013
2014
2015
2016
2017
2018
2019","2020"
"chances of a more significant near-term pick-up in","Source: Oxford Economics/BoJ/METI/Haver  Analytics",""
"spending remain low.","",""
"•  Capex faces near-term challenges but should benefit","",""
"","Japan: Capex and machinery orders",""
"from improved demand conditions as the stimulus","",""
"","Index, 2015=100",""
"kicks in: the uncertain global economic outlook and","",""
"","120",""
"simultaneous ICT downcycle weighed on capital","",""
"","Machinery orders, 3-month moving average",""
"","115",""
"expenditure and exports through 2019. We expect the","",""
"","Business investment, national accounts",""
"","110",""
"near-term outlook to remain challenging, given softer","",""
"core machinery orders, falling industrial production of","105",""
"investment goods as well as a sustained slide in","100",""
"business sentiment. That said, we expect business capex","",""
"","95",""
"to benefit from the improved demand conditions as the","",""
"","90",""
"stimulus package, where investment plays a major role,","",""
"","85",""
"begins to be implemented. In addition, there are signs","",""
"that the global ICT sector is starting to turn, which should","80",""
"","2012
2013
2014
2015
2016
2017
2018
2019",""
"support Japanese exports and capital spending in the","",""
"","Source: Oxford Economics/CAO/Haver  Analytics",""
"medium term.","",""
