"South Africa: Energy constraints intensify",""
"Power cuts weighed on activity in H2 2019 (we have factored",""
"in a technical recession) and will be a regular occurrence this","54"
"year and most likely into 2021, dampening investment",""
"","52"
"attractiveness and business sentiment (reflected in forward-",""
"looking components of the PMI). Developments on the policy",""
"","50"
"front have also disappointed, and while some clarity on the",""
"government’s plans to deal with struggling SOEs and the","48"
"energy situation should emerge from the next budget (on 26",""
"","46"
"February), the pace and scale of reform will most likely",""
"disappoint. Meanwhile, the South African Reserve Bank",""
"","44"
"unexpectedly reduced the country’s benchmark interest rate",""
