"Economist",""
"","  The economy continues to struggle against an uncertain external environment"
"Stefan Angrick, PhD","and weak domestic demand, but government stimulus should help put a floor"
"","under growth in 2020 and 2021. We forecast real GDP to grow 0.5% in 2020"
"Senior Economist",""
"","(after an estimated 0.9% expansion in 2019) and 1.0% in 2021."
"+81-(0)3-4588-2797",""
"","  Activity remained weak in Q4 2019, with sluggish exports and the consumption tax"
"","hike weighing on domestic demand. In addition, extreme weather disrupted supply"
"External and",""
"","chains and household spending. Industrial production registered a sharp drop, falling"
"domestic demand",""
"","6.3% y/y in Q4 (compared to -1.1% in Q3) while real exports fell 2.1% y/y (after +0.7%"
"remain weak, but",""
"","y/y growth in Q3). Shipments of ICT-related machinery to China and Taiwan are"
"stimulus should help",""
"","showing signs of improvement, but car exports to the US have suffered as of late,"
"put a floor under",""
"","keeping year-on-year export growth in the red."
"growth",""
"","  Risks remain skewed to the downside. The coronavirus outbreak is likely to lead to"
"","disruption to Asian supply chains and a dramatic fall in the number of Chinese tourists"
"","visiting Japan in Q1. Prior to the outbreak, there were signs that growth in China was"
"","stabilising and that the global ICT sector was beginning to turn towards recovery,"
"","although foreign demand for Japanese exports was still weak. In addition, the recent"
"","US-China deal is positive news, but protectionism generally remains a concern."
"","Domestically, the government’s stimulus package should help put a floor under"
"","growth, but the boost will be held back by supply constraints in construction."
"","  The BoJ left monetary policy unchanged in January. Board members raised their GDP"
"","forecasts to reflect forthcoming government stimulus while also lowering their inflation"
"","forecasts. Although the BoJ continued to stress its determination to move if needed,"
"","we maintain that the Bank will only act if a slowdown in global growth leads to more"
"","aggressive easing by major central banks and yen appreciation."
