"•","Looser fiscal stance: we estimate that fiscal policy","","",""
"","","UK: Fiscal impulse","",""
"","exerted a 0.9pp drag on economic growth in the 2018/19","% of potential GDP","",""
"","","2.5","",""
"","fiscal year. But with real day-to-day spending set to grow","","","Looser"
"","","","","policy"
"","","2.0","",""
"","by 4.1% in fiscal year 2020/21, a 15-year high, the fiscal","","",""
"","stance will be modestly supportive of growth this year.","1.5","",""
"","","1.0","",""
"","","","","Forecast"
"","Fiscal policy is also a source of upside risk to the","0.5","",""
"","forecast. Though the Conservatives’ election manifesto","0.0","",""
"","proposed a relatively limited package, we think there is a","","",""
"","","-0.5","",""
"","good chance they will adopt a looser fiscal stance. In","","",""
"","","-1.0","",""
"","particular, their proposed new fiscal rules offer room for a","","",""
"","","-1.5","","Tighter"
"","further increase in capital spending beyond that set out in","","","policy"
"","","-2.0","",""
"","their manifesto.","2000-01
2005-06
2010-11","2015-16","2020-21"
"","","Sources: Oxford Economics/Haver Analytics","",""
"•","Export environment remains weak: UK exporters have","","",""
"","found life tough of late, with the slowdown in global","","",""
"","growth more than offsetting any gains from a weaker","","",""
"","pound. Growth in world trade (weighted by UK export","","",""
"","","UK: Contributions to GDP growth","",""
"","shares) averaged 5.4% a year in 2017-18, but we expect","","",""
"","","%pts
Consumer spending","Investment",""
"","it to average just 2.8% a year in 2020-21 as the impact of","3.0
Govt. consumption","Other (inc inventories)",""
"","","Net trade","GDP growth",""
"","greater trade protectionism continues to weigh. In","2.5","",""
"","addition, we expect sterling to hold onto the gains of","","",""
"","","2.0","",""
"","recent months. This would leave the pound 5.4% higher","","",""
"","","1.5","",""
"","on a trade-weighted basis in 2020 than 2019, eroding","","",""
"","","1.0","",""
"","competitiveness.","","",""
"","","0.5","",""
"","","0.0","",""
"•  Brexit weighs on business investment: as of Q3 2019,","","","",""
"","business investment was 2% below its late-2017 peak.","-0.5","",""
"","Uncertainty around Brexit has been a key factor, and this","-1.0","",""
"","","1998-
2008-
2019","2020
2021","2022
2023"
"","is likely to persist until the detail of the UK’s future trading","","",""
"","","2008
2018","",""
"","relationship with the EU becomes clearer. We expect","Sources: Oxford Economics/Haver Analytics","",""
"","business investment to be broadly flat in 2019 and 2020,","","",""
"","before growing by 1.6% in 2021. Overall investment is","","",""
"","set to be firmer, growing by 1.0% this year and then 2.0%","","",""
"","in 2021.","","",""
"","","UK: Interest rates*","","* end of period"
