"Economist",""
"","  We have nudged down our forecast for GDP growth in 2020 to 0.9% from 1.0%"
"Andrew Goodwin","last month, reflecting the hit to global growth from the coronavirus outbreak."
"","But we still expect activity to strengthen steadily moving through this year as"
"Chief UK Economist",""
"","the benefits of a looser fiscal stance and firmer growth in household spending"
"+44 (0)20 3910 8013",""
"","power continue to feed through, and GDP growth is seen rising to 1.9% in 2021."
"","  We expect GDP to have been flat in Q4 2019. Though the underlying pace of activity"
"Stronger Q1 likely as",""
"","has been soft, the weakness in Q4 looks to have been exaggerated by the impact of"
"temporary drags",""
"","the 31 October Brexit deadline and noisy retail sales data, both of which should"
"unwind, though",""
"","unwind in Q1 this year. Recent survey data also suggests that sentiment has"
"coronavirus will cap",""
"","improved since the Conservatives’ decisive election win in December. However, the"
"the pick-up",""
"","pick-up in growth in early-2020 will be capped by the coronavirus outbreak, which we"
"","expect to temporarily slow global growth and disrupt supply chains."
"","  The UK left the EU on 31 January, moving into the transition period. The"
"","government’s aims of negotiating a broad free trade agreement covering goods and"
"","services with the EU but in a very short timeframe look incompatible. Ultimately, we"
"","expect the UK to seek a deeper deal to try to protect vulnerable sectors and our"
"","baseline forecast assumes negotiations extend beyond 2020. We see a 30% chance"
"","that talks break down, leaving the UK and EU to trade under WTO rules from 2021."
"","  Despite financial markets expecting an interest rate cut, the MPC kept monetary"
"","policy unchanged at the January meeting. The Committee made clear it is prepared to"
"","loosen policy if the recent improvement in the ‘soft’ data is not reflected in the ‘hard’"
"","data. But we do not expect this scenario to play out and, with the March Budget likely"
"","to see a further loosening of the fiscal stance, the window for a rate cut appears to be"
"","closing. We expect Bank Rate to remain at 0.75% throughout 2020."
