"","current level.","","","","","",""
"","","Forecast for Eurozone","","","","",""
"","","(Annual percentage changes unless specified)","","","","",""
"…which combined","","","","","","",""
"","","2018","2019","2020","2021","2022","2023"
"with a cut to our Q1","","","","","","",""
"","Domestic Demand","1.6","1.8","0.9","1.5","1.4","1.3"
"forecast means that","","","","","","",""
"","Private Consumption","1.4","1.3","1.3","1.4","1.3","1.2"
"we now expect GDP","Fixed Investment","2.4","5.8","0.3","1.9","1.7","1.5"
"","Stockbuilding (% of GDP)","0.7","0.3","0.1","0.1","0.1","0.2"
"growth of only 0.8%","","","","","","",""
"","Government Consumption","1.1","1.6","1.4","1.2","1.1","1.1"
"this year","","","","","","",""
"","Exports of goods and services","3.3","2.4","0.9","2.1","2.3","2.3"
"","Imports of goods and services","2.7","3.9","1.1","2.6","2.6","2.4"
"","GDP","1.9","1.2","0.8","1.3","1.3","1.3"
"","Industrial Production","0.9","-1.3","0.1","1.8","1.4","1.2"
"","Consumer Prices, average","1.8","1.2","1.1","1.3","1.5","1.7"
"","Current Balance (% of GDP)","3.1","2.7","2.5","2.4","2.3","2.2"
"","Government Budget (% of GDP)","-0.5","-0.6","-0.9","-0.9","-0.8","-0.8"
"","Short-Term Interest Rates (%)","-0.3","-0.4","-0.4","-0.4","-0.3","0.0"
"","Long-Term Interest Rates (%)","1.2","0.4","0.2","0.5","0.9","1.4"
"","Exchange rate (US$ per Euro), average","1.18","1.12","1.09","1.11","1.15","1.18"
"","Exchange rate (YEN per Euro), average","130.4","122.1","117.0","117.5","120.8","123.6"
