"Flat Q4 should be followed by a better Q1…","UK: GDP vs composite PMI",""
"","% 3-months-on-3-months","% balance"
"There was an unexpectedly sharp drop in output in","",""
"","1.6","64"
"","","GDP (LHS)"
"November, but this was largely due to temporary factors and","1.4",""
"","","62
Composite PMI (RHS)"
"there were upward revisions to prior months, so we retain","1.2",""
"","","60"
"","1.0",""
"our call that GDP flatlined in Q4. The temporary drags","",""
"","","58"
"","0.8",""
"caused by the 31 October Brexit deadline and some noisy","",""
"","0.6","56"
"retail sales data should unwind in Q1. And business surveys","",""
"","0.4","54"
"also point to firmer activity in Q1, with sentiment improving in","",""
"","0.2",""
"","","52"
"the aftermath of December’s decisive election result.","0.0",""
"","","50"
"","-0.2",""
"","","48"
"","-0.4",""
"…with growth set to accelerate during 2020","",""
"","-0.6","46"
"","","2010 2011 2012 2013 2014 2015 2016 2017 2018 2019 2020"
"However, the extent of the Q1 improvement will be capped","",""
