"","","battered by the coronavirus, it is ‘good news’ that could boost market sentiment.","","","","",""
"","","Forecast for China","","","","",""
"We expect the","","","","","","",""
"","","(Annual percentage changes unless specified)","","","","",""
"economic impact to","","2018","2019","2020","2021","2022","2023"
"","Domestic Demand","7.4","5.8","4.5","6.0","5.4","5.6"
"be mainly felt in Q1,","","","","","","",""
"","Private Consumption","7.2","6.7","5.0","7.5","7.0","6.7"
"followed by a","Fixed Investment","5.0","4.3","2.9","4.9","4.0","4.6"
"","Stockbuilding (% of GDP)","1.6","1.7","1.9","1.9","1.9","1.9"
"rebound in","","","","","","",""
"","Government Consumption","16.8","7.0","7.0","5.1","5.4","5.3"
"subsequent quarters","","","","","","",""
"","Exports of Goods and Services","4.3","2.3","0.3","4.0","4.1","3.9"
"","Imports of Goods and Services","6.5","-0.7","-1.3","8.6","6.3","5.4"
"","GDP","6.7","6.1","5.4","6.1","5.6","5.4"
"","Manufacturing (value-added)","6.2","5.7","2.9","4.7","4.3","4.6"
"","Consumer Prices, average","2.1","2.9","3.2","1.9","2.5","2.7"
"","Current Balance (% of GDP)","0.4","1.3","1.3","0.8","0.6","0.4"
"","Government Budget (% of GDP)","-4.1","-4.5","-5.6","-4.1","-3.6","-3.4"
"","Gross government debt (% of GDP)","16.3","17.0","19.0","20.5","21.3","21.7"
"","Current Account ($bn)","49.1","179.2","200.4","136.2","111.7","86.0"
"","Trade Balance ($bn)","395.2","474.5","436.9","475.8","502.2","515.2"
"","Short-Term Interest Rates (%)","2.72","2.55","2.27","2.60","2.85","2.95"
"","Exchange Rate (Per US$), average","6.61","6.91","6.95","6.84","6.71","6.58"
