"Economist","  Intensifying concerns over the coronavirus outbreak have overshadowed"
"","tentative signs of growth stabilisation in Emerging Markets (EM). Against this"
"Maya Senussi",""
"","backdrop, we have cut our 2020 aggregate GDP growth forecast by 0.4pp,"
"Senior Economist",""
"","implying a second consecutive year of 4.0% expansion. This should be followed"
"+44 (0)20 3910 8121",""
"","by a rebound to 4.7% growth in 2021."
"","  Aside from China, where we have cut our 2020 growth forecast to 5.4% (from 6%),"
"The coronavirus",""
"","the ASEAN region – Thailand, Vietnam and Singapore, in particular – will likely be"
"outbreak has",""
"","most affected by supply-side disruptions emanating from China and a plunge in the"
"overshadowed",""
"","number of Chinese tourists. Other regions appear less vulnerable to the spill-over"
"tentative signs of",""
"","effects, due to less integrated supply chains and lower dependence on Chinese"
"stabilisation…",""
"","tourism. Nonetheless, we expect some adverse impact on Mexico and Russia, with"
"","indirect effects via commodity prices posing downside risks for commodity exporters."
"","  Some of the damage will be offset by fiscal and monetary stimulus. Given low"
"","inflation, we see several EM central banks cutting interest rates further (e.g. Egypt,"
"","Mexico, Russia, Thailand). These steps should be reinforced by fiscal measures being"
"","rolled out in China, Chile and Thailand, among others."
"","  Commodity-sensitive EM currencies have been hit hard by the news of the fast-"
"","spreading virus and will remain under pressure in the short term given the large hit to"
"","demand. But the weakness should prove temporary, assuming activity bounces back"
"","in Q2."
