"","World Economic Prospects Monthly | US"
"•","Steady consumer spending: rising incomes, elevated"
"","wealth, firm confidence, and high savings imply only a"
"","gentle slowing in consumption. Spending grew 2.6% in"
"","2019, which we expect to ease slightly to 2.2% in 2020."
"•","Elevated protectionism: we expect 2020 to see the"
"","weakest growth in total trade since the financial crisis,"
"","given ongoing protectionism and slowing global demand."
"•","Moderating business investment: slower global growth,"
"","still-high trade tensions, weaker energy activity, a strong"
"","dollar, Boeing’s woes and the coronavirus fallout will limit"
"","business investment growth to just 0.1% in 2020."
"•","Slower housing activity: structural constraints persist in"
"","housing, so we see residential investment cooling across"
"","2020 to average growth of 2.7%."
"•","Tame inflation: core PCE inflation hovered below the"
"","Fed’s 2% target in Q4 and may not rise much in 2020."
"•","Political priorities: tax cuts or major policy initiatives"
"","look off the table through to November’s elections."
