"","","to see a further loosening of the fiscal stance, the window for a rate cut appears to be","","","","",""
"","","closing. We expect Bank Rate to remain at 0.75% throughout 2020.","","","","",""
"","","Forecast for UK","","","","",""
"Looser fiscal policy","We expect quarterly","","","","","",""
"","","(Annual percentage changes unless specified)","","","","",""
"and stronger gains in","growth to remain","","","","","",""
"","","2018","2019","2020","2021","2022","2023"
"household spending","subdued through","","","","","",""
"","Domestic Demand","1.3","1.4","1.7","2.2","1.9","1.6"
"power to drive","Private Consumption
2017, though it","1.6","1.2","1.6","2.2","1.8","1.6"
"","Fixed Investment","-0.2","0.9","1.0","2.0","1.9","2.1"
"stronger growth","should become more","","","","","",""
"","Stockbuilding (% of GDP)","-0.3","-0.5","0.1","0.1","0.2","0.1"
"through 2020","balanced","","","","","",""
"","Government Consumption","0.4","3.0","1.5","2.5","1.6","1.7"
"","Exports of Goods and Services","1.2","2.4","-1.5","1.9","2.4","-0.1"
"","Imports of Goods and Services","2.0","3.0","0.9","2.7","2.9","0.5"
"","GDP","1.3","1.3","0.9","1.9","1.7","1.5"
"","Industrial Production","0.8","-0.6","-0.5","0.9","0.9","-1.0"
"","CPI, average","2.5","1.8","1.4","1.6","1.8","1.8"
"","Current Balance (% of GDP)","-3.9","-3.9","-3.9","-3.9","-3.7","-3.4"
"","Government Budget (PSNB % of GDP)","2.2","1.9","2.2","2.2","2.2","2.2"
"","Short-Term Interest Rates (%)","0.72","0.81","0.79","1.04","1.31","1.57"
"","Long-Term Interest Rates (%)","1.46","0.94","0.84","1.26","1.70","2.09"
"","Exchange Rate (US$ per £), average","1.34","1.28","1.32","1.34","1.37","1.40"
"","Exchange Rate (Euro per £), average","1.13","1.14","1.21","1.21","1.20","1.18"
