"","-1","","",""
"EU ultimately strike a free-trade agreement which fully takes","","","",""
"","-2","","",""
"effect from the start of 2023. The key forecast drivers are:","","","",""
"","-3","","",""
"","2004
2006
2008
2010
2012
2014","2016","2018","2020
2022"
"Stronger growth in household spending power: a 
•","Sources: Oxford Economics/Haver Analytics","","",""
"simultaneous pick-up in wage growth and a cooling in","","","",""
"inflationary pressures meant that real wage growth","","","",""
"accelerated in 2019. Increasing evidence that labour","","","",""
"","","UK: Contributions to consumption growth","",""
"market strength is fraying means that wage growth is","","","",""
"","% year","","",""
"","","","Savings contribution",""
"expected to stabilise just above 3%. But inflation is likely","6","","",""
"","","","Income contribution",""
"to continue to run at a pace well below 2%, helped by the","5","","",""
"","","","Consumer spending growth",""
"recent appreciation of sterling. And with the four-year","","","",""
"","4","","",""
"freeze on welfare benefits due to come to an end in April,","","","",""
"","3","","",""
"we expect real income growth to accelerate this year.","","","",""
"","2","","",""
"","1","","",""
"Firmer income growth in 2018-19 enabled households to","","","",""
"","0","","",""
"engage in some modest rebuilding of their balance","","","",""
"","-1","","",""
"sheets, but the savings ratio remains very low. Our","","","","Forecast"
"","-2","","",""
"forecast assumes that growth in spending closely tracks","","","",""
"","-3","","",""
"gains in real incomes over the next few years. After rising","","","",""
"","2010
2012
2014
2016","2018","2020","2022"
"by 1.2% in 2019, we expect consumer spending to grow","Sources: Oxford Economics/Haver Analytics","","",""
"1.6% this year and 2.2% in 2021 as household spending","","","",""
"power steadily strengthens.","","","",""
