"","","to be just 2.3%, 0.2pp weaker than previously assumed as a result of the epidemic.","","","","",""
"","","World: GDP forecast","","","","",""
"…leading us to cut","","","","","","",""
"","% year","","","","","","Lower growth in China and"
"","5.0","","","","","","knock-on effects elsewhere"
"our near-term global","","","","","","",""
"","","","February forecast (with coronavirus impact)","","","",""
"","","","","","","Forecast","mean we now expect global"
"growth forecasts,","","","","","","",""
"","4.5","","","","","","GDP growth to slump to 1.9%"
"","","January forecast","","","","",""
"with 2020 now seen","","","","","","","in Q1 and to average 2.3% in"
"","4.0","","","","","",""
"","","","","","","","2020, down from 2.6% last"
"at just 2.3%","","","","","","",""
"","","","","","","","year."
"","3.5","","","","","",""
"","3.0","","","","","",""
"","2.5","","","","","",""
"","2.0","","","","","",""
"","1.5","","","","","",""
"","2010","2012","2014","2016","2018","2020",""
