"","Major forecast changes this month",""
"Country","Change","Background"
"","We have raised our GDP growth forecasts to -2.4% in 2019","Better than expected Q4 2019 economic data means a less weak"
"Argentina","",""
"","and -1.2% in 2020 (from -2.8% and -1.5% previously).","starting point for 2020."
"","2020 GDP growth forecast raised to 2.2% (from 2.0%) and","Domestic demand-led recovery still expected, helped by below-target"
"Brazil","",""
"","2021 now seen at 2.4%.","inflation and historically low real interest rates."
"","We now forecast GDP will grow 5.4% in 2020, down from","The coronavirus outbreak has a high but short-lived impact on"
"China","",""
"","6.0% last month.","consumption, also disrupting investment and industrial activity in Q1."
"","Our 2020 growth forecast has been cut to 0.8% for 2020","Some signs of rising conficence in January, but weaker external"
"Eurozone","",""
"","(from 1.0% last month) before a pick-up to 1.3% in 2021.","environmant points to more subdued 2020."
"","Our 2020 GDP growth forecast is cut to 0.9% from 1.2%","Strikes against pension reform continue and, together with"
"France","",""
"","last month, after 1.2% in 2019.","coronavirus concerns, are weighing on activity."
"","We have cut our 2020 GDP growth forecast to 0.5% from","Coronavirus will hit external demand and industrial supply chains,"
"Germany","",""
"","0.7% and now see inflation at 1.5%, down from 1.6%.","delaying industrial recovery. Lower oil price forecast to slow inflation."
"","We have lowered our GDP growth forecast for 2020","Coronavirus is a new and significant headwind confronting the"
"Hong Kong","",""
"","sharply, to -2.8% from -1.4% previously.","economy, which was already under pressure from civil unrest."
"India","GDP growth forecast for 2020 cut from 6.0% to 5.5%.","Domestic policy constraints and coronavirus are weighing on growth."
"","Growth forecast for 2020 lowered to zero from 0.3% last","Weakening external demand and fiscal problems will continue to"
"Italy","",""
"","month.Expansion in 2021 still seen at 0.5%.","weigh on growth this year."
"","GDP growth forecast for 2020 raised to 0.5% (from 0.3%),","External environment and domestic demand are weak, but"
"Japan","",""
"","with 2021 seen at 1.0%.","government stimulus should help put a floor under growth."
"","2020 GDP growth forecast cut to 0.5% from 0.9%, and","Smaller statistical carry-over, depressed investment and impact of"
"Mexico","",""
"","January tax update lifts year-end CPI forecast to 3.6%.","coronavirus dampening the growth outlook."
"","GDP growth forecast for 2020 lowered from 0.9% to 0.4%;","Energy situation outlook has deteriorated markedly and will be a"
"South Africa","",""
"","2021 cut from 1.7% to 0.9%","severe drag on growth. Required policy reforms also not forthcoming."
"","We now forecast GDP growth of 1.6% in 2020 (from 1.7%","Despite gaining momentum in Q4 2019, weaker global environment"
"Spain","",""
"","previously), before a further slowdown to 1.5% in 2021.","is dampening the trade outlook and job creation is weakening."
"","Forecast for 2020 GDP growth nudged down to 0.9% from","We expect the coronavirus outbreak to have a modest impact on the"
"UK","",""
"","1.0% last month.","UK via softer global growth and supply chain disruption."
"","GDP growth forecast lowered 0.1pp to 1.6% in 2020 but",""
"US","","Adjustments made to reflect disruptions from coronavirus."
"","nudged up to 1.8% in 2021. One rate cut still seen in June.",""
"Source: Oxford Economics","",""
