"•","Exports continue to struggle despite better ICT","","",""
"","shipments: real exports fell 2.1% y/y in Q4, down from","Japan: Exports and world trade","",""
"","","% change  y/y","",""
"","0.7% growth in Q3 as car exports to the US declined.","","",""
"","","","Forecast",""
"","","40","",""
"","While exports to Asia continue to record negative year-","","",""
"","","30","",""
"","on-year growth rates, shipments to China and Taiwan are","","",""
"","showing signs of improvement, notably of ICT-related","20","",""
"","machinery. Improving momentum in ICT, stabilising","10","",""
"","growth in China in Q4 and the US-China trade deal are","","",""
"","","0","",""
"","encouraging signs, but we maintain a cautious outlook as","","",""
"","","-10","",""
"","foreign orders for machinery and machinery tools have","","",""
"","","Exports","",""
"","","-20","",""
"","yet to regain momentum while the recent coronavirus","","",""
"","","World trade","",""
"","","-30","",""
"","outbreak represents a near-term downside risk. And in","","",""
"","Q1, the virus outbreak will hit Japan’s tourism sector.","-40","",""
"","","2005
2007
2009
2011
2013
2015
2017","2019
2021",""
"","","Source: Oxford Economics","",""
"•  Weak industrial production: industrial production","","","",""
"","registered a sharp drop in Q4, falling 6.3% on the year","","",""
"","(after -1.1% in Q3), its weakest performance since 2013.","","",""
"","Investment goods (-6.1% y/y) and producer goods","","",""
"","(-7.7%) saw the biggest declines. The PMI rose to 48.8 in","","",""
"","","Japan: Industrial production","",""
"","January, an improvement over the 48.4 December print","","",""
"","","Index,  2015=100  (seasonally  adjusted)","",""
"","but still in contractionary territory, suggesting the","106","",""
"","industrial sector will remain sluggish in the near term.","","",""
"","","104","",""
"•  BoJ on hold, raises growth but lowers inflation","","","",""
"","","102","",""
"","forecasts: the BoJ left monetary policy unchanged in","","",""
"","January. Board members raised their growth forecasts to","100","",""
"","reflect government stimulus but also lowered their","","",""
"","","98","",""
"","inflation forecasts. Inflation was little changed between","","",""
"","Q3 and Q4 (headline inflation rose to 0.5% from 0.3%) as","96","Industrial production",""
"","an expansion of free education partly offset the price","","",""
"","","94","",""
"","increase due to the consumption tax hike. We maintain","","",""
"","","2012
2013
2014
2015
2016
2017
2018","2019",""
"","that the BoJ will hold policy unchanged and act only if a","Source: Oxford Economics/METI/Haver Analytics","",""
"","slowdown in global growth leads to more aggressive","","",""
"","easing by major central banks and yen appreciation.","","",""
"•  Government preparing stimulus: with sluggish trade","","","",""
"","and weak domestic demand holding the economy back,","Japan: Exchange rate and bond yields","",""
"","","JPY/USD exchange  rate","","%"
"","the government is preparing stimulus to shore up growth.","","",""
"","","115","JPY/USD exchange rate (left axis)","0.30"
"","Key components of the announced package are","","",""
"","","10-year JGB yields (right axis)","",""
"","measures to improve resilience to natural disasters,","110","","0.20"
"","bolster growth against downside risks and maintain","","",""
"","","105","","0.10"
"","momentum after the Tokyo Olympic Games. We expect","","",""
"","the package to help put a floor under growth, even","100","","0.00"
"","though spending will be held back by supply constraints.","","",""
"","","95","","-0.10"
"•","Yen to strengthen modestly as uncertainty persists:","90","","-0.20"
"","while risk sentiment has receded given the US-China","","",""
"","","85","","-0.30"
"","trade deal, the global growth outlook remains uncertain","Jan 19
Mar 19
May 19
Jul 19
Sep 19
Nov 19","Jan 20",""
"","and protectionist tensions persist. We see the yen","","",""
"","","Source: Oxford Economics/MoFJ/IMF/Haver  Analytics","",""
"","appreciating to 106 to the dollar by end-2020.","","",""
