"•","External demand remains challenging but US-China","","",""
"","phase one trade deal is a positive: lacklustre global","China's exports to key markets","",""
"","","US$, % year, 3mma","",""
"","trade will continue to challenge China’s external outlook.","","",""
"","","40
EU","",""
"","But the phase one deal between the US and China will","","",""
"","","US","",""
"","have a favourable impact on exports and growth","30","",""
"","","Japan","",""
"","generally. The risk of relations deteriorating again and","ASEAN","",""
"","","20","",""
"","tariffs “snapping back” is substantial against a","","",""
"","background of rising tension and mistrust between the","","",""
"","","10","",""
"","two countries in various dimensions. But the fact that, in","","",""
"","","0","",""
"","this climate, a deal was reached is clearly a positive.","","",""
"","","-10","",""
"•","Temporary plunge in outbound tourism will bolster","","",""
"","current account in 2020: although the goods trade","-20","",""
"","","2013
2014
2015
2016
2017","2018","2019"
"","surplus will likely narrow this year, the overall current","","",""
"","","Source: Oxford Economics/CEIC","",""
"","account surplus may actually widen, as travel restrictions","","",""
"","lead to a plunge in Chinese tourists visiting the rest of the","","",""
"","world, resulting in a massive fall in imports of services.","","",""
