"Economist",""
"","  The Spanish economy finished 2019 on a strong note, with GDP accelerating to"
"Ángel Talavera","a 0.5% quarterly expansion in Q4. But with the impact of coronavirus taking a"
"","toll on the global economy in Q1, we expect growth to moderate in the short"
"Head of Europe Economics",""
"","term. Overall, the picture of a gradual slowdown remains intact given the"
"+44 (0)20 3910 8014",""
"","adverse global environment, while domestically the weakening in the pace of"
"","job creation remains worrying. We now forecast GDP growth of 1.6% in 2020"
"","(from a previous 1.7%), before a further slowdown to 1.5% in 2021."
"","  GDP rose 0.5% q/q in Q4, in line with our forecast but beating the consensus view."
"GDP growth",""
"","However, the detail was not nearly as positive, with growth almost entirely driven by"
"accelerated to 0.5%",""
"","net trade as imports fell sharply. Domestic demand was extremely weak, as private"
"q/q in Q4…",""
"","consumption came to a virtual halt while fixed investment collapsed from Q3."
"","  While very early in the quarter, available data suggest weaker growth in Q1 this year."
"","The composite PMI fell to 51.5 in January – the lowest in three months – driven down"
"","by a sharp decline in services activity, and we expect upcoming sentiment indicators"
"","to start showing the impact from the coronavirus in China. Meanwhile, employment"
"","growth continues to slow, and was close to zero in monthly terms in January. Taking"
"","everything into consideration, we think GDP growth will slow to 0.3% q/q in Q1."
"","  Inflation rose to 1.1% in January, the highest in nine months but still well below the"
"","ECB target. Core inflation also remains weak, at close to 1%. We expect inflationary"
"","pressures to remain muted and we see inflation averaging just 1.0% in 2020."
