"Economist",""
"","  Horrible industrial production and retail sales data for December ended a year"
"Oliver Rakau","to forget for the German economy. While we expect some upward revisions, it is"
"","now possible that GDP contracted in Q4 despite suggestions to the contrary"
"Chief German Economist",""
"","from the Statistical Office. And while the positive round of surveys in January"
"+49 (0)69 9675 8664",""
"","support the notion of growth bottoming out, the fallout from the coronavirus"
"","outbreak will delay any industrial recovery. We have cut our 2020 GDP call to"
"","0.5% from 0.7% with risks still to the downside, before a pick-up to 1.3% in 2021."
"","  Industrial production plunged 3.5% m/m in December, more than reversing the 1.2%"
"Plunging December",""
"","gain in November and leaving output down 1.9% q/q in Q4, the sixth quarter of"
"industrial output and",""
"","recession. Retail sales had an equally bad year-end (falling 3.3% after a 1.6% rise in"
"retail sales suggest",""
"","November). There is strong evidence that part of the December weakness will be"
"that GDP fell in Q4,",""
"","revised away and that the drag from bridge days will trigger a bounce-back in January."
"and coronavirus may",""
"","But this does not change the fact that the economy ended the year on a weaker note"
"delay the recovery…",""
"","than we thought. The yet to be released Q4 GDP data may now show a contraction,"
"","even though stronger exports will have partially offset industry’s weakness."
"","  Looking ahead, we have cut our Q1 GDP growth close to stagnation from 0.2% due to"
"","the likely hit from coronavirus on external demand and industrial supply-chains, with a"
"","bounce-back likely towards mid-2020. But at this stage it is hard to predict the net"
"","effect of coronavirus and the clear improvement in surveys in early-2020. We currently"
"","assume that the industrial recovery will be delayed further, but we will be watching the"
"","February survey data closely to fine-tune our view."
"","  Inflation picked up further in January, rising to 1.7% from 1.5% in December as energy"
"","prices rose for the first time in five months. Lower oil prices suggest that inflation will"
"","slow in the coming months but, due to robust underlying price pressures, we now"
"","expect inflation to rise slightly to 1.5% this year from 1.4% in 2019."
