"Economist",""
"","  The rapid spread of coronavirus will weaken China’s GDP growth sharply in the"
"Ben May","short term, causing disruption for the rest of the world. We now expect global"
"","GDP growth to slow to just 1.9% y/y in Q1 this year and have lowered our"
"Director of Global Macro",""
"","forecast for 2020 as a whole from 2.5% to 2.3%, down from 2.6% in 2019."
"Research",""
"+44 (0)20 3910 8015","  Prior to the coronavirus outbreak, there had been signs that the worst was over for"
"","both world trade and the manufacturing sector. However, this tentative optimism has"
"","been dashed by the current disruption."
"","  While the near-term impact of the virus is uncertain, the disruption to China will clearly"
"The coronavirus",""
"","be significant in Q1 – we expect Chinese GDP growth to plunge to just 3.8% y/y. Even"
"outbreak will have",""
"","though growth there will rebound in Q2 and Q3, it will take time for the loss in activity"
"major ramifications",""
"","to be fully recovered and we now expect GDP growth of just 5.4% for 2020 as a"
"for both Chinese and",""
"","whole, a downward revision of 0.6pp from last month."
"global GDP growth in",""
"the short term…","  Weaker Chinese imports and tourism and disruption to global supply chains will take a"
"","toll on the rest of the world, particularly in the Asia-Pacific region. And the shock will"
"","exacerbate the ongoing slowdown in the US and may result in the eurozone barely"
"","expanding for a second quarter running in Q1."
"","  Weaker oil demand in the short term has prompted us to lower our Brent oil price"
"","forecast. We have cut our projection for growth in crude demand in 2020 by 0.2m b/d"
"","to 0.9 mb/d and now forecast Brent crude will average $62.4pb in 2020, down from"
"","about $65pb in our January forecast."
"","  Quarterly global growth is likely to strengthen a little in H2 this year as the disruption"
"","fades and firms make up for the lost output earlier in the year and the effect of China’s"
"","policy response starts to feed through. But for 2020 overall, global growth is now likely"
"","to be just 2.3%, 0.2pp weaker than previously assumed as a result of the epidemic."
