"","Practice & Policy"
"with a view to training up community- based health professionals who are able to provide care across",""
"","the  spectrum  of  prevention,  preparedness,  response,  and  recovery.  As  the  ‘front  door’  of  the  health"
"system, primary care professionals should be involved in planning and action for health emergency risk",""
"management. WONCA (the global professional body for family medicine) has actively championed the",""
"ways in which primary care can be supported to deliver care during population emergencies. National",""
"primary  care  bodies  can  coordinate  with  public  health  leads  to  cascade  information  to  practitioners,",""
"communicate with the public, and collate health intelligence from the frontline primary care.8",""
"","The Ebola crisis taught us a valuable lesson about what happens when an outbreak takes health"
"","workers away from core functions to focus on crisis response; the number of people who died from"
"","reduced  access  to  usual  care  probably  exceeded  the  number  killed  by  the  virus.9  Strong  health"
"","systems  built  on  comprehensive  primary  care  are  able  to  integrate  both  functions,  disseminating"
"","the emergency response resources and information required to community- level staff who have the"
"","breadth  of  training  required  to  manage  new  suspected  cases  alongside  routine  family  medicine."
"","Decent access to primary health care is essential in health emergencies, and its infrastructure crucial"
"","for containment,10 just as good access to high- quality primary care is at the foundation of any strong"
"health system.11",""
"Funding",""
"No funding was received for this article.",""
"Provenance",""
"Commissioned; not externally peer reviewed.",""
"Acknowledgements",""
"The authors alone are responsible for the views expressed in this article and they do not necessarily",""
"represent the decisions, policy, or views of the World Health Organization.",""
"References",""
"1.   World Health Organization. Novel Coronavirus – China. Disease outbreak news: update 12 January 2020. 2020;",""
"","https://www. who. int/ csr/ don/ 12- january- 2020- novel- coronavirus- china/ en/ (accessed 28 Jan 2020)."
"2.   World Health Organization. Updated WHO advice for international traffic in relation to the outbreak of the novel",""
"","coronavirus 2019- nCoV [4 January 2020]. 2020; https://www. who. int/ ith/ 2020- 24- 01- outbreak- of- Pneumonia-"
"","caused- by- new- coronavirus/ en/ (accessed 28 Jan 2020)."
"3.","The Lancet. Emerging understandings of 2019- nCoV. Lancet 2020;(20). DOI: https:// doi. org/ 10. 1016/ S0140- 6736("
"","20) 30186-0"
"4.   World Health Organization. Statement on the meeting of the International Health Regulations (2005) Emergency",""
"","Committee regarding the outbreak of novel coronavirus (2019- nCoV). 2020; https://www. who. int/ news- room/"
"","detail/ 23- 01- 2020- statement- on- the- meeting- of- the- international- health- regulations-( 2005)- emergency- committee-"
"","regarding- the- outbreak- of- novel- coronavirus-( 2019- ncov) (accessed 28 Jan 2020)."
"5.","The Lancet Global Health. Facing forwards along the Health Silk Road. Lancet Glob Health 2017; 5(10.e948. DOI:"
"","https:// doi. org/ 10. 1016/ S2214- 109X( 17) 30349-2"
"6.   Kasai T. China virus outbreak shows Asia needs to step up infection preparation. Region is safer after epidemic",""
"","lessons but new diseases always arising. 2020; https://www. who. int/ westernpacific/ news/ commentaries /detail-hq/"
"","china-virus-outbreak-shows-asia-needs-to-step-up-infection-preparation (accessed 28 Jan 2020)."
"7.   Public Health England. Guidance. WN- CoV: Interim guidance for primary care. Updated 27 Jan 2020. 2020; https://",""
"","www. gov. uk/ government/ publications/ wn- cov- guidance- for- primary- care/ wn- cov- interim- guidance- for- primary- care"
"","(accessed 28 Jan 2020)."
"8.   de Lusignan S, Correa A, Smith GE, et al. RCGP research and surveillance centre: 50 years' surveillance of influenza,",""
"","infections, and respiratory conditions. Br J Gen Pract 2017; 67(663): 440–441. DOI: https:// doi. org/ 10. 3399/"
"","bjgp17X692645"
"9.   Sochas L, Channon AA, Nam S. Counting indirect crisis- related deaths in the context of a low- resilience health",""
"","system: the case of maternal and neonatal health during the Ebola epidemic in Sierra Leone. Health Policy Plan"
"","2017; 32(suppl_3): iii32–iii39. DOI: https:// doi. org/ 10. 1093/ heapol/ czx108"
"10.   Redwood- Campbell L, Abrahams J. Primary health care and disasters — The current state of the literature:",""
"","what we know, gaps and next steps. Prehosp Disaster Med 2011; 26(3): 184–191. DOI: https:// doi. org/ 10. 1017/"
"","S1049023X11006388"
"11.   Bitton A, Ratcliffe HL, Veillard JH, et al. Primary health care as a foundation for strengthening health systems in low-",""
"","and middle- income countries. J Gen Intern Med 2017; 32(5): 566–571. DOI: https:// doi. org/ 10. 1007/ s11606- 016-"
"","3898-5"
