"The coronavirus outbreak: the central"
"role of primary care in emergency"
"preparedness and response"
"Catherine Dunlop, BSc, MBChB, MSc1, Amanda Howe, OBE, MA, MEd, MD,"
"FRCGP2, Donald Li, MBBS, FHKCFP, FRACGP, FHKAM (Fam Med), FFPH, SBS,"
"OStJ, JP3, Luke N Allen, BSc (Hons), MBChB, MPH, PGCE Clin Edu4*"
"1research Fellow, Institute of Metabolism and Systems research, University of"
"Birmingham, Birmingham, UK; 2Professor of Primary care and Immediate Past"
"President of the World Organisation of Family Doctors (WONca), Norwich Medical"
"School, University of east anglia, Norwich, UK; 3President, World Organisation of"
"Family Doctors (WONca), Hong Kong, china; 4GP academic clinical Fellow, Nuffield"
"Department of Primary care Health Sciences, University of Oxford, Oxford, UK"
"Background"
"On the last day of 2019, a cluster of cases of a pneumonia with unknown cause were reported by"
"the  Chinese  authorities  to  the  World  Health  Organization  (WHO),  believed  to  be  connected  to  a"
"seafood market in Wuhan, China. This market was closed the following day. On 7 January 2020, a"
"novel coronavirus was isolated, and known pathogens were ruled out.1"
"Coronaviruses  usually  cause  respiratory  illness  ranging  from  the  common  cold  to  severe  acute"
"respiratory  syndrome  (SARS).  Clinical  symptoms  and  signs  of  the  Wuhan  coronavirus  include  fever,"
"with some sufferers experiencing difficulty breathing and bilateral pulmonary infiltrates seen on chest"
"X- ray. WHO are referring to it as ‘2019- nCov’."
"At  the  time  of  writing,  there  have  been  over  4,500  confirmed  cases  and  106  deaths,  including"
"among healthcare workers. Over 98% of these cases are within mainland China, but cases have also"
"been confirmed in tens of other countries."
"*For correspondence:"
"drlukeallen@ gmail. com"
"Competing interest: The authors"
"Containing the outbreak"
"declare that no competing"
"There is international concern regarding the potential spread of the virus, especially given Wuhan’s"
"interests exist."
"status  as  a  major  domestic  and  international  hub,  its  large  population  of  11  million,  and  current"
"Received: 27 January 2020
Chinese  New  Year  celebrations.  To  curb  the  spread,  all  public  transport  and  air  travel  to  and  from"
"Accepted: 27 January 2020
Wuhan  has  been  stopped,  with  other  Chinese  cities  following  suit.  International  exit  screening  of"
"Published: 29 January 2020"
"travellers with health information dissemination has begun, including at Heathrow airport. Contacts of"
"confirmed cases are recommended to remain under medical observation, avoiding travel within the"
"this article is Open access: cc"
"viral incubation period of 14 days.2"
"By license (https:// creativecom-"
"Whilst the mortality and infectivity of the 2019- nCoV are still unknown,3 there is understandable"
"mons. org/ licenses/ by/ 4. 0/)"
"interest  and  concern  regarding  the  potential  for  a  pandemic  as  experienced  in  2009  with  H1N1"
"Author Keywords: Infectious 
(‘swine flu’). However, the WHO decided against declaring a public health emergency of international"
"illness, respiratory illness, health 
concern on 22 January. Current data suggests the 2019- nCoV has a lower mortality than SARS (another"
"promotion and prevention,"
"coronavirus), which killed nearly 800 people globally before being contained in 2003."
"coronavirus, primary health care,"
"Despite  current  reassurances  about  the  severity  of  2019- nCoV,  it  will  be  incredibly  difficult  to"
"general practice"
"further contain the cross- border spread of the virus due to the sheer volume of global travel. It will"
"be necessary to coordinate a unified, global response across many differing geopolitical boundaries, 
Copyright © 2020, The Authors;"
"political settings, cultures, and health system contexts. The fact that incubating cases may have left 
DOI:10.3399/"
"bjgpopen20X101041
Wuhan  before  the  quarantine  began  complicates  matters  further,  as  does  the  emerging  possibility"
"Dunlop C et al. BJGP Open 2020; DOI: 10.3399/bjgpopen20X101041
 
1 of 3"
